longitude,latitude,Aerosol_Index,Temperature_2m,Wind_U,NO2_Density,HCHO_Density,Actual_PM25
108.17737230188308,-2.6927000641482657,-0.2747595402451654,27.529986932542556,-4.985730652014416,4.7060133435067195e-05,9.696160127390406e-05,40.04444173840478
108.07855762062994,-2.6927000641482657,-0.33528345004517596,27.602409892612172,-4.146882453229693,4.8078826451469464e-05,9.44423611025367e-05,43.204107145323775
107.78211357687049,-2.643292723521692,-0.41141991547402207,27.84874235788982,-3.4736646797921917,4.813654392315356e-05,0.0001044354619388988,26.887896954415474
108.12796496125651,-2.6927000641482657,-0.2830993003622582,27.602409892612172,-4.146882453229693,4.664090918078074e-05,7.996225967966509e-05,39.655223490848705
107.68329889561734,-2.9891441079077077,-0.44134955839189505,27.66619841257733,-3.6583333267105957,4.710088323399238e-05,8.807435764263893e-05,32.47065480945256
108.17737230188308,-2.840922086027987,-0.11437063434946045,27.604102600945453,-5.024324537648095,4.916200789186982e-05,9.435694281064083e-05,57.353411106636436
108.02915028000336,-3.0385514485342813,-0.20380908893896124,27.494977166917693,-3.8918043282296932,4.893273092418207e-05,0.00010190027924981908,45.2088633043597
107.83152091749706,-2.939736767281134,-0.31051399328287327,27.597914992438405,-3.1578104588720532,4.797860618092597e-05,9.011569609228894e-05,42.32294725607714
108.02915028000336,-2.6927000641482657,-0.35675790619175823,27.543911086188473,-3.3892327136463587,4.9130927790215144e-05,0.00011029786077037129,38.659400496052626
108.12796496125651,-3.0385514485342813,-0.009685363334448227,27.538360955980124,-4.650979946719276,4.8863104334211e-05,6.709215798988773e-05,56.60206269945262
108.02915028000336,-2.6927000641482657,-0.35675790619175823,27.543911086188473,-3.3892327136463587,4.9130927790215144e-05,0.00011029786077037129,38.192271509885984
107.83152091749706,-2.9891441079077077,-0.3140361856051047,27.63817920684818,-3.659107116858164,4.9197571388959405e-05,7.592653322462991e-05,38.58725835748103
107.78211357687049,-2.840922086027987,-0.2816843816187077,27.610878859625984,-3.089292392465803,4.660727525208673e-05,8.617857097495212e-05,38.56656780124837
107.78211357687049,-2.643292723521692,-0.41141991547402207,27.84874235788982,-3.4736646797921917,4.813654392315356e-05,0.0001044354619388988,27.171717583960298
108.07855762062994,-3.0385514485342813,-0.11459037326270367,27.538360955980124,-4.650979946719276,4.945554277764228e-05,0.00010273672417241439,53.71756476914611
107.88092825812363,-2.5938853828951185,-0.31124751775984094,27.691380161709276,-3.608751756615109,4.5826359516982094e-05,0.00012360391548141603,34.86142554593153
107.83152091749706,-3.0385514485342813,-0.3365841179361083,27.63817920684818,-3.659107116858164,4.756096459311967e-05,5.707278309291875e-05,38.486016729531734
107.9303355987502,-3.0385514485342813,-0.29569092233645106,27.57160748375793,-3.7028360936376785,4.852798563535983e-05,7.00381611499024e-05,39.14322301771084
108.02915028000336,-3.137366129787429,-0.0852512869622884,27.58075190650095,-4.7829223566585135,4.736513870762523e-05,7.608160887753227e-05,53.26891986914262
108.02915028000336,-2.6927000641482657,-0.35675790619175823,27.543911086188473,-3.3892327136463587,4.9130927790215144e-05,0.00011029786077037129,42.36800457825614
107.9303355987502,-3.0385514485342813,-0.29569092233645106,27.57160748375793,-3.7028360936376785,4.852798563535983e-05,7.00381611499024e-05,37.741287863053
107.63389155499077,-2.8903294266545605,-0.3747148240870956,27.91895720163984,-3.75719196928872,4.928930526724701e-05,0.00010473748041992461,38.33729838607314
108.02915028000336,-2.9891441079077077,-0.3319141971073438,27.494977166917693,-3.8918043282296932,4.916808620701557e-05,0.00010058457626844054,43.66626589496267
108.12796496125651,-2.8903294266545605,-0.2073740787445578,27.50856223636208,-4.172134053707123,4.754942501178443e-05,8.62469100972139e-05,44.154752402784744
107.73270623624391,-2.643292723521692,-0.33553783643527235,27.99526199764682,-3.4650512629085117,4.892621545430213e-05,9.393673809136316e-05,42.748305258326624
108.07855762062994,-2.6927000641482657,-0.33528345004517596,27.602409892612172,-4.146882453229693,4.8078826451469464e-05,9.44423611025367e-05,35.41662094129604
108.22677964250965,-2.791514745401413,-0.032648915461506466,27.604102600945453,-5.024324537648095,4.9764889357216066e-05,9.634857838517853e-05,54.374630642418005
108.02915028000336,-2.840922086027987,-0.40861316314232193,27.488908916049468,-3.3225301040543456,4.7690577555877885e-05,9.693521486181346e-05,35.512231324578494
107.83152091749706,-2.5938853828951185,-0.35375918146742397,27.84874235788982,-3.4736646797921917,4.5191414826848654e-05,0.00011249548034868943,40.5875911674645
107.73270623624391,-2.939736767281134,-0.4049452824435907,27.733743985494016,-3.2088656889067755,4.754283907578133e-05,8.600538308969794e-05,32.45964150868236
108.07855762062994,-2.7421074047748393,-0.3772197575270377,27.602409892612172,-4.146882453229693,4.77325837207461e-05,8.163276068387882e-05,35.70286704126201
107.97974293937678,-2.840922086027987,-0.44328836685022005,27.488908916049468,-3.3225301040543456,4.836587916060541e-05,9.759222899714878e-05,40.29953845659285
107.78211357687049,-2.939736767281134,-0.34684670019660907,27.597914992438405,-3.1578104588720532,4.762854931691992e-05,9.416180056658646e-05,36.81055543980642
107.9303355987502,-3.0385514485342813,-0.29569092233645106,27.57160748375793,-3.7028360936376785,4.852798563535983e-05,7.00381611499024e-05,40.5377221036036
107.73270623624391,-2.8903294266545605,-0.380152181274252,27.733743985494016,-3.2088656889067755,4.6741601563649126e-05,8.370663814348134e-05,33.4224726161657
107.78211357687049,-2.5938853828951185,-0.32631033538126836,27.84874235788982,-3.4736646797921917,4.8143036894773284e-05,0.00010773017434944008,36.343751069739106
107.68329889561734,-2.939736767281134,-0.38472628518419777,27.733743985494016,-3.2088656889067755,4.68980103099612e-05,9.191961840730236e-05,32.86148798110921
107.97974293937678,-3.0385514485342813,-0.30029459154701316,27.494977166917693,-3.8918043282296932,4.939269538983334e-05,7.034632409843724e-05,40.67765312371023
108.17737230188308,-2.840922086027987,-0.11437063434946045,27.604102600945453,-5.024324537648095,4.916200789186982e-05,9.435694281064083e-05,47.82865703849273
107.83152091749706,-2.5938853828951185,-0.35375918146742397,27.84874235788982,-3.4736646797921917,4.5191414826848654e-05,0.00011249548034868943,36.823668920667245
107.97974293937678,-2.8903294266545605,-0.41815007321591136,27.468303447299547,-3.4074801908599004,4.930897544157348e-05,8.886745573782487e-05,40.13125237161597
107.68329889561734,-2.6927000641482657,-0.20522989641038286,27.869185066223167,-2.957024461693234,4.87120168513314e-05,0.00011288654176155283,45.04651063811624
107.88092825812363,-2.643292723521692,-0.4351125145333872,27.691380161709276,-3.608751756615109,4.811893586106581e-05,9.024242927127916e-05,37.31744495503341
107.97974293937678,-3.0879587891608553,-0.23785258990052388,27.58075190650095,-4.7829223566585135,4.775117604238648e-05,7.046715866194184e-05,42.28090746175412
108.02915028000336,-2.8903294266545605,-0.39895663535501336,27.468303447299547,-3.4074801908599004,4.834884338132377e-05,7.537974315456681e-05,38.16928960521341
107.83152091749706,-2.8903294266545605,-0.33182345280476633,27.597914992438405,-3.1578104588720532,4.76041324902005e-05,8.239282619024163e-05,37.05040881752286
107.68329889561734,-3.0385514485342813,-0.4340133337554923,27.66619841257733,-3.6583333267105957,4.766138017840386e-05,7.876023611302423e-05,32.508153311339605
108.07855762062994,-3.0879587891608553,0.01670058422704254,27.661209805806607,-5.616752109262678,4.938233186519286e-05,8.479808027546422e-05,57.49508987200753
108.07855762062994,-2.7421074047748393,-0.3772197575270377,27.602409892612172,-4.146882453229693,4.77325837207461e-05,8.163276068387882e-05,38.77870407870203
108.17737230188308,-3.0385514485342813,-0.06144798536789395,27.630958069695396,-5.3182434015803866,4.696497757756957e-05,7.483849063537656e-05,55.32418973686611
107.78211357687049,-2.6927000641482657,-0.4303630558598673,27.695310825771855,-2.999875888559553,4.875098073259149e-05,0.00013775510916519737,33.3888044833274
108.12796496125651,-3.0879587891608553,0.011109752130142248,27.661209805806607,-5.616752109262678,4.84366942552761e-05,7.370239886706109e-05,55.49113068483578
107.88092825812363,-2.939736767281134,-0.3736632736448856,27.508095656500984,-3.2238932225439285,4.94632365558259e-05,8.708089417421842e-05,34.87670460793653
107.68329889561734,-2.643292723521692,-0.23026498887164573,27.99526199764682,-3.4650512629085117,4.8848404127866795e-05,0.00010001568212337696,48.794197205256616
108.22677964250965,-2.791514745401413,-0.032648915461506466,27.604102600945453,-5.024324537648095,4.9764889357216066e-05,9.634857838517853e-05,56.44585413966797
107.63389155499077,-2.939736767281134,-0.3510987113446983,27.91895720163984,-3.75719196928872,4.809207222481821e-05,0.00010110724533142653,35.922199695313296
107.78211357687049,-3.137366129787429,-0.4777579416802956,27.67650928497318,-4.717574049366846,4.958693686965571e-05,0.00010960072897527311,33.054817172753516
108.07855762062994,-2.9891441079077077,-0.19518958958366245,27.538360955980124,-4.650979946719276,4.8785536010886956e-05,9.063524856696524e-05,49.2853457371547
108.17737230188308,-2.7421074047748393,-0.24548774896604222,27.529986932542556,-4.985730652014416,4.999021039612236e-05,0.00011116758673350683,51.78718304566838
108.12796496125651,-3.0385514485342813,-0.009685363334448227,27.538360955980124,-4.650979946719276,4.8863104334211e-05,6.709215798988773e-05,58.44399234889979
107.5844842143642,-2.9891441079077077,-0.2308302628003082,27.765433438619027,-4.0089016318321224,4.785567908531111e-05,0.00011051315551992805,43.791239712422865
108.12796496125651,-2.6927000641482657,-0.2830993003622582,27.602409892612172,-4.146882453229693,4.664090918078074e-05,7.996225967966509e-05,46.24968839240955
108.12796496125651,-2.6927000641482657,-0.2830993003622582,27.602409892612172,-4.146882453229693,4.664090918078074e-05,7.996225967966509e-05,39.496103460428095
107.88092825812363,-2.5938853828951185,-0.31124751775984094,27.691380161709276,-3.608751756615109,4.5826359516982094e-05,0.00012360391548141603,42.553704789453114
107.88092825812363,-2.643292723521692,-0.4351125145333872,27.691380161709276,-3.608751756615109,4.811893586106581e-05,9.024242927127916e-05,33.98076165688829
108.07855762062994,-3.137366129787429,-0.06478283589714379,27.661209805806607,-5.616752109262678,4.61680700624862e-05,7.355536567892328e-05,52.92489161521882
107.73270623624391,-2.840922086027987,-0.29164033134323203,27.794016880459367,-3.0357476062244837,4.6295541116538076e-05,9.430473675639245e-05,35.07903939228962
107.9303355987502,-2.939736767281134,-0.3639268749296805,27.508095656500984,-3.2238932225439285,5.001086007369985e-05,8.565611193288356e-05,36.58093144818519
107.68329889561734,-2.5938853828951185,-0.22291437050491647,27.99526199764682,-3.4650512629085117,5.015617076145176e-05,0.00011567647497618537,42.934350091587426
108.12796496125651,-2.8903294266545605,-0.2073740787445578,27.50856223636208,-4.172134053707123,4.754942501178443e-05,8.62469100972139e-05,40.428243157630874
107.73270623624391,-2.9891441079077077,-0.4720680189526816,27.66619841257733,-3.6583333267105957,4.605284525739405e-05,8.453486514248036e-05,27.3597005614946
107.68329889561734,-2.840922086027987,-0.32497123628687646,27.794016880459367,-3.0357476062244837,4.705288939527628e-05,9.291316338915924e-05,35.4392111911216
108.12796496125651,-2.791514745401413,-0.2909988123015262,27.565243551466267,-4.1746507366498316,4.874994184429853e-05,0.00010032169185547003,40.95878880835368
107.78211357687049,-2.5938853828951185,-0.32631033538126836,27.84874235788982,-3.4736646797921917,4.8143036894773284e-05,0.00010773017434944008,42.227112425555795
108.07855762062994,-2.7421074047748393,-0.3772197575270377,27.602409892612172,-4.146882453229693,4.77325837207461e-05,8.163276068387882e-05,38.60004207165866
107.63389155499077,-2.8903294266545605,-0.3747148240870956,27.91895720163984,-3.75719196928872,4.928930526724701e-05,0.00010473748041992461,34.27688390838741
108.22677964250965,-2.9891441079077077,-0.08187715086021385,27.630958069695396,-5.3182434015803866,4.742934278643248e-05,7.186429048987754e-05,53.33433894103531
107.88092825812363,-2.5938853828951185,-0.31124751775984094,27.691380161709276,-3.608751756615109,4.5826359516982094e-05,0.00012360391548141603,44.57010926838457
107.63389155499077,-2.939736767281134,-0.3510987113446983,27.91895720163984,-3.75719196928872,4.809207222481821e-05,0.00010110724533142653,40.87555734144444
108.07855762062994,-2.840922086027987,-0.3427504630350727,27.565243551466267,-4.1746507366498316,4.8190988623048915e-05,9.906740625231119e-05,38.0760394319224
107.97974293937678,-3.137366129787429,-0.11564038663172023,27.58075190650095,-4.7829223566585135,4.973112282260381e-05,9.779701630556918e-05,50.834985970286844
107.68329889561734,-2.9891441079077077,-0.44134955839189505,27.66619841257733,-3.6583333267105957,4.710088323399238e-05,8.807435764263893e-05,37.406359886314064
108.12796496125651,-3.0385514485342813,-0.009685363334448227,27.538360955980124,-4.650979946719276,4.8863104334211e-05,6.709215798988773e-05,58.15039896852434
108.17737230188308,-3.0385514485342813,-0.06144798536789395,27.630958069695396,-5.3182434015803866,4.696497757756957e-05,7.483849063537656e-05,47.63175964519909
108.17737230188308,-2.9891441079077077,-0.12184632180145916,27.630958069695396,-5.3182434015803866,4.8465273559610454e-05,6.303404275145379e-05,50.018316325801464
107.9303355987502,-3.0385514485342813,-0.29569092233645106,27.57160748375793,-3.7028360936376785,4.852798563535983e-05,7.00381611499024e-05,44.334540105438904
107.97974293937678,-3.0385514485342813,-0.30029459154701316,27.494977166917693,-3.8918043282296932,4.939269538983334e-05,7.034632409843724e-05,44.237145452898005
108.07855762062994,-3.0879587891608553,0.01670058422704254,27.661209805806607,-5.616752109262678,4.938233186519286e-05,8.479808027546422e-05,61.708486241623746
107.78211357687049,-2.5938853828951185,-0.32631033538126836,27.84874235788982,-3.4736646797921917,4.8143036894773284e-05,0.00010773017434944008,39.73961500294533
108.02915028000336,-3.0879587891608553,-0.11104994810990217,27.58075190650095,-4.7829223566585135,4.86843547911007e-05,7.57912337169153e-05,55.08381274343786
108.07855762062994,-3.137366129787429,-0.06478283589714379,27.661209805806607,-5.616752109262678,4.61680700624862e-05,7.355536567892328e-05,49.47960158968309
107.78211357687049,-2.9891441079077077,-0.41826397530252835,27.63817920684818,-3.659107116858164,4.739313243180136e-05,9.89302313449252e-05,33.536404797057195
107.88092825812363,-2.9891441079077077,-0.309021667990693,27.57160748375793,-3.7028360936376785,4.8394360937941235e-05,8.551497450756217e-05,45.59859062165837
107.97974293937678,-2.6927000641482657,-0.3982735822360951,27.543911086188473,-3.3892327136463587,4.9537979233966365e-05,0.00010302165532120746,35.57477309500005
107.68329889561734,-3.137366129787429,-0.3705661924878288,27.689131355285667,-4.763786478837332,4.8173903592636865e-05,0.00010955056013132482,37.01838614215681
107.78211357687049,-2.5938853828951185,-0.32631033538126836,27.84874235788982,-3.4736646797921917,4.8143036894773284e-05,0.00010773017434944008,43.758025143156274
108.22677964250965,-2.791514745401413,-0.032648915461506466,27.604102600945453,-5.024324537648095,4.9764889357216066e-05,9.634857838517853e-05,57.356944977615726
107.68329889561734,-2.791514745401413,-0.2640259919382026,27.794016880459367,-3.0357476062244837,4.795147810335047e-05,0.00010616097769112424,46.161943382499985
107.68329889561734,-2.791514745401413,-0.2640259919382026,27.794016880459367,-3.0357476062244837,4.795147810335047e-05,0.00010616097769112424,44.399650560928656
107.88092825812363,-2.9891441079077077,-0.309021667990693,27.57160748375793,-3.7028360936376785,4.8394360937941235e-05,8.551497450756217e-05,37.535210089656296
108.07855762062994,-2.791514745401413,-0.39007418516938863,27.565243551466267,-4.1746507366498316,4.808427002155477e-05,9.642384976062991e-05,34.18876154901708
108.02915028000336,-2.9891441079077077,-0.3319141971073438,27.494977166917693,-3.8918043282296932,4.916808620701557e-05,0.00010058457626844054,37.63013747941528
108.12796496125651,-2.6927000641482657,-0.2830993003622582,27.602409892612172,-4.146882453229693,4.664090918078074e-05,7.996225967966509e-05,40.52523693037959
108.07855762062994,-2.791514745401413,-0.39007418516938863,27.565243551466267,-4.1746507366498316,4.808427002155477e-05,9.642384976062991e-05,37.203712529086005
107.88092825812363,-2.643292723521692,-0.4351125145333872,27.691380161709276,-3.608751756615109,4.811893586106581e-05,9.024242927127916e-05,31.657692260488588
107.78211357687049,-3.137366129787429,-0.4777579416802956,27.67650928497318,-4.717574049366846,4.958693686965571e-05,0.00010960072897527311,35.66960849307328
108.02915028000336,-2.840922086027987,-0.40861316314232193,27.488908916049468,-3.3225301040543456,4.7690577555877885e-05,9.693521486181346e-05,37.93231673253225
107.9303355987502,-2.939736767281134,-0.3639268749296805,27.508095656500984,-3.2238932225439285,5.001086007369985e-05,8.565611193288356e-05,34.55301187809286
108.12796496125651,-2.6927000641482657,-0.2830993003622582,27.602409892612172,-4.146882453229693,4.664090918078074e-05,7.996225967966509e-05,38.91361826200427
107.97974293937678,-2.7421074047748393,-0.38739913739459253,27.543911086188473,-3.3892327136463587,4.828854962974155e-05,9.914729063288476e-05,41.47469500619778
107.68329889561734,-2.791514745401413,-0.2640259919382026,27.794016880459367,-3.0357476062244837,4.795147810335047e-05,0.00010616097769112424,45.80741646941094
108.12796496125651,-2.9891441079077077,-0.06258198724925669,27.538360955980124,-4.650979946719276,4.878703719494774e-05,7.884245632153908e-05,54.28789771147447
107.73270623624391,-2.8903294266545605,-0.380152181274252,27.733743985494016,-3.2088656889067755,4.6741601563649126e-05,8.370663814348134e-05,33.28789090185609
108.17737230188308,-2.939736767281134,-0.10393900447109819,27.612574280632884,-5.0550930380821235,4.77628219377554e-05,7.476732508624468e-05,50.85559925138213
108.02915028000336,-2.7421074047748393,-0.38691603564187754,27.543911086188473,-3.3892327136463587,4.779647824888141e-05,0.00010562377110629476,35.464437721336836
108.12796496125651,-2.7421074047748393,-0.31080676411949465,27.602409892612172,-4.146882453229693,4.86190687675348e-05,8.153434495978412e-05,40.52573512399671
107.9303355987502,-2.840922086027987,-0.4452998731345396,27.537121264139785,-3.2286200563112883,4.9391536147300725e-05,8.802451664774852e-05,31.957821155284687
107.68329889561734,-2.939736767281134,-0.38472628518419777,27.733743985494016,-3.2088656889067755,4.68980103099612e-05,9.191961840730236e-05,40.52257814177551
107.78211357687049,-3.0385514485342813,-0.4615642438939657,27.63817920684818,-3.659107116858164,4.5601204507744614e-05,8.102045417165648e-05,34.057317991501634
107.73270623624391,-3.137366129787429,-0.4580282377527116,27.689131355285667,-4.763786478837332,4.759459346210952e-05,9.962351287222687e-05,38.655839592352095
108.02915028000336,-2.840922086027987,-0.40861316314232193,27.488908916049468,-3.3225301040543456,4.7690577555877885e-05,9.693521486181346e-05,32.464644042049365
107.83152091749706,-2.643292723521692,-0.43552831726355035,27.84874235788982,-3.4736646797921917,4.6743000988272604e-05,0.00010023389042684796,34.754552210336925
107.63389155499077,-2.8903294266545605,-0.3747148240870956,27.91895720163984,-3.75719196928872,4.928930526724701e-05,0.00010473748041992461,32.79121097147714
107.73270623624391,-2.9891441079077077,-0.4720680189526816,27.66619841257733,-3.6583333267105957,4.605284525739405e-05,8.453486514248036e-05,29.998812859676057
107.88092825812363,-2.643292723521692,-0.4351125145333872,27.691380161709276,-3.608751756615109,4.811893586106581e-05,9.024242927127916e-05,35.37270601035032
107.68329889561734,-2.9891441079077077,-0.44134955839189505,27.66619841257733,-3.6583333267105957,4.710088323399238e-05,8.807435764263893e-05,37.87424942386508
107.88092825812363,-2.643292723521692,-0.4351125145333872,27.691380161709276,-3.608751756615109,4.811893586106581e-05,9.024242927127916e-05,32.82079869131532
107.9303355987502,-2.5938853828951185,-0.3124411580051767,27.691380161709276,-3.608751756615109,4.7994657905278286e-05,0.00011210140626996762,38.24881427354184
107.88092825812363,-2.643292723521692,-0.4351125145333872,27.691380161709276,-3.608751756615109,4.811893586106581e-05,9.024242927127916e-05,36.96748570723296
107.97974293937678,-2.9891441079077077,-0.3997145555280038,27.494977166917693,-3.8918043282296932,4.919786196977687e-05,6.246920463217788e-05,44.07604726201444
107.83152091749706,-3.0385514485342813,-0.3365841179361083,27.63817920684818,-3.659107116858164,4.756096459311967e-05,5.707278309291875e-05,33.2580023489497
107.83152091749706,-2.8903294266545605,-0.33182345280476633,27.597914992438405,-3.1578104588720532,4.76041324902005e-05,8.239282619024163e-05,41.466332690052305
108.07855762062994,-3.0879587891608553,0.01670058422704254,27.661209805806607,-5.616752109262678,4.938233186519286e-05,8.479808027546422e-05,57.793511940193795
108.02915028000336,-3.1867734704140025,-0.1409372086286642,27.672383308410588,-5.844219964080387,4.794062553722649e-05,7.558133085929319e-05,49.58720926996059
107.73270623624391,-2.840922086027987,-0.29164033134323203,27.794016880459367,-3.0357476062244837,4.6295541116538076e-05,9.430473675639245e-05,38.61606081243017
107.73270623624391,-3.137366129787429,-0.4580282377527116,27.689131355285667,-4.763786478837332,4.759459346210952e-05,9.962351287222687e-05,34.105216058682856
107.78211357687049,-3.137366129787429,-0.4777579416802956,27.67650928497318,-4.717574049366846,4.958693686965571e-05,0.00010960072897527311,42.360219333357115
107.88092825812363,-3.0385514485342813,-0.2880919437096485,27.57160748375793,-3.7028360936376785,4.817142479250188e-05,7.22407558994354e-05,48.43983143653094
108.12796496125651,-3.0879587891608553,0.011109752130142248,27.661209805806607,-5.616752109262678,4.84366942552761e-05,7.370239886706109e-05,60.77850236634525
108.12796496125651,-2.840922086027987,-0.2660473447644401,27.565243551466267,-4.1746507366498316,4.893983807436539e-05,0.0001147453355499387,46.17999954542701
107.73270623624391,-2.643292723521692,-0.33553783643527235,27.99526199764682,-3.4650512629085117,4.892621545430213e-05,9.393673809136316e-05,37.98417651161543
108.17737230188308,-2.7421074047748393,-0.24548774896604222,27.529986932542556,-4.985730652014416,4.999021039612236e-05,0.00011116758673350683,51.788602747614135
108.12796496125651,-2.8903294266545605,-0.2073740787445578,27.50856223636208,-4.172134053707123,4.754942501178443e-05,8.62469100972139e-05,46.79535057718799
107.68329889561734,-2.643292723521692,-0.23026498887164573,27.99526199764682,-3.4650512629085117,4.8848404127866795e-05,0.00010001568212337696,40.14584884576916
108.22677964250965,-2.8903294266545605,-0.13593003998296033,27.612574280632884,-5.0550930380821235,4.673506808559672e-05,5.195094404613056e-05,49.717038686674755
108.12796496125651,-3.137366129787429,-0.044738533233301826,27.661209805806607,-5.616752109262678,4.733684892285098e-05,8.748523716325017e-05,55.85596420994578
107.97974293937678,-2.791514745401413,-0.4255208130053933,27.488908916049468,-3.3225301040543456,4.799064877401433e-05,0.00010242539751691916,30.45412680520044
107.97974293937678,-2.9891441079077077,-0.3997145555280038,27.494977166917693,-3.8918043282296932,4.919786196977687e-05,6.246920463217788e-05,35.60930138691482
108.12796496125651,-2.840922086027987,-0.2660473447644401,27.565243551466267,-4.1746507366498316,4.893983807436539e-05,0.0001147453355499387,44.31266970939403
108.02915028000336,-2.9891441079077077,-0.3319141971073438,27.494977166917693,-3.8918043282296932,4.916808620701557e-05,0.00010058457626844054,39.84528549223761
107.78211357687049,-2.939736767281134,-0.34684670019660907,27.597914992438405,-3.1578104588720532,4.762854931691992e-05,9.416180056658646e-05,34.78589985213646
107.83152091749706,-3.137366129787429,-0.27832578515206396,27.67650928497318,-4.717574049366846,4.982843166998001e-05,0.00010944433212219086,45.522440243557966
107.83152091749706,-2.9891441079077077,-0.3140361856051047,27.63817920684818,-3.659107116858164,4.9197571388959405e-05,7.592653322462991e-05,41.41936396585703
107.5844842143642,-2.791514745401413,-0.215130794887614,27.948316468132873,-3.301089810000525,4.8682226527260226e-05,0.00011992987395314826,39.728491736119686
107.97974293937678,-2.6927000641482657,-0.3982735822360951,27.543911086188473,-3.3892327136463587,4.9537979233966365e-05,0.00010302165532120746,39.42806006098985
107.83152091749706,-2.5938853828951185,-0.35375918146742397,27.84874235788982,-3.4736646797921917,4.5191414826848654e-05,0.00011249548034868943,38.023996705341794
108.17737230188308,-2.791514745401413,-0.12636415288937783,27.604102600945453,-5.024324537648095,5.009661223442504e-05,0.00011407756797852852,51.89461743386989
108.02915028000336,-3.0879587891608553,-0.11104994810990217,27.58075190650095,-4.7829223566585135,4.86843547911007e-05,7.57912337169153e-05,53.627051708633914
107.68329889561734,-2.643292723521692,-0.23026498887164573,27.99526199764682,-3.4650512629085117,4.8848404127866795e-05,0.00010001568212337696,41.859833865540644
108.17737230188308,-2.6927000641482657,-0.2747595402451654,27.529986932542556,-4.985730652014416,4.7060133435067195e-05,9.696160127390406e-05,44.16620851451857
107.97974293937678,-3.1867734704140025,0.027982733239041838,27.672383308410588,-5.844219964080387,4.829318166335243e-05,0.00011054309183052065,56.79630272700243
107.63389155499077,-3.0385514485342813,-0.3938650702840393,27.765433438619027,-4.0089016318321224,4.7036392912725584e-05,0.00011329136370219538,40.304139582038914
107.73270623624391,-2.939736767281134,-0.4049452824435907,27.733743985494016,-3.2088656889067755,4.754283907578133e-05,8.600538308969794e-05,33.099195386788736
108.02915028000336,-3.0879587891608553,-0.11104994810990217,27.58075190650095,-4.7829223566585135,4.86843547911007e-05,7.57912337169153e-05,45.7658448010339
107.63389155499077,-2.840922086027987,-0.4078932931700579,27.948316468132873,-3.301089810000525,4.6220529400802006e-05,8.00798693757437e-05,29.345508046850117
107.73270623624391,-2.8903294266545605,-0.380152181274252,27.733743985494016,-3.2088656889067755,4.6741601563649126e-05,8.370663814348134e-05,35.39579015898331
107.83152091749706,-2.5938853828951185,-0.35375918146742397,27.84874235788982,-3.4736646797921917,4.5191414826848654e-05,0.00011249548034868943,36.14003543460745
108.12796496125651,-3.0385514485342813,-0.009685363334448227,27.538360955980124,-4.650979946719276,4.8863104334211e-05,6.709215798988773e-05,56.229687796084136
107.83152091749706,-2.9891441079077077,-0.3140361856051047,27.63817920684818,-3.659107116858164,4.9197571388959405e-05,7.592653322462991e-05,40.168927447090944
107.68329889561734,-3.0385514485342813,-0.4340133337554923,27.66619841257733,-3.6583333267105957,4.766138017840386e-05,7.876023611302423e-05,34.1831073971591
107.78211357687049,-2.643292723521692,-0.41141991547402207,27.84874235788982,-3.4736646797921917,4.813654392315356e-05,0.0001044354619388988,35.14821168088174
108.02915028000336,-3.0879587891608553,-0.11104994810990217,27.58075190650095,-4.7829223566585135,4.86843547911007e-05,7.57912337169153e-05,48.38555572334289
107.78211357687049,-2.5938853828951185,-0.32631033538126836,27.84874235788982,-3.4736646797921917,4.8143036894773284e-05,0.00010773017434944008,45.98473232685493
108.02915028000336,-3.1867734704140025,-0.1409372086286642,27.672383308410588,-5.844219964080387,4.794062553722649e-05,7.558133085929319e-05,48.074740986192865
107.78211357687049,-2.9891441079077077,-0.41826397530252835,27.63817920684818,-3.659107116858164,4.739313243180136e-05,9.89302313449252e-05,34.06575915969938
107.88092825812363,-2.939736767281134,-0.3736632736448856,27.508095656500984,-3.2238932225439285,4.94632365558259e-05,8.708089417421842e-05,36.15051917586397
108.12796496125651,-2.840922086027987,-0.2660473447644401,27.565243551466267,-4.1746507366498316,4.893983807436539e-05,0.0001147453355499387,44.702871929928385
107.97974293937678,-2.8903294266545605,-0.41815007321591136,27.468303447299547,-3.4074801908599004,4.930897544157348e-05,8.886745573782487e-05,40.18896617997894
107.97974293937678,-3.0385514485342813,-0.30029459154701316,27.494977166917693,-3.8918043282296932,4.939269538983334e-05,7.034632409843724e-05,42.06353261664141
108.12796496125651,-3.0385514485342813,-0.009685363334448227,27.538360955980124,-4.650979946719276,4.8863104334211e-05,6.709215798988773e-05,57.44718339959094
108.17737230188308,-2.939736767281134,-0.10393900447109819,27.612574280632884,-5.0550930380821235,4.77628219377554e-05,7.476732508624468e-05,49.30008183303397
108.02915028000336,-2.8903294266545605,-0.39895663535501336,27.468303447299547,-3.4074801908599004,4.834884338132377e-05,7.537974315456681e-05,40.946838562337156
107.88092825812363,-2.9891441079077077,-0.309021667990693,27.57160748375793,-3.7028360936376785,4.8394360937941235e-05,8.551497450756217e-05,39.07341368970307
107.88092825812363,-2.791514745401413,-0.4679425098836955,27.537121264139785,-3.2286200563112883,4.802509134229428e-05,9.595537362806485e-05,31.790061728668306
107.73270623624391,-2.6927000641482657,-0.356015038818812,27.869185066223167,-2.957024461693234,4.8331679389572095e-05,0.00011212405058535359,36.98095967301257
108.12796496125651,-2.791514745401413,-0.2909988123015262,27.565243551466267,-4.1746507366498316,4.874994184429853e-05,0.00010032169185547003,42.684831218987284
108.12796496125651,-3.0879587891608553,0.011109752130142248,27.661209805806607,-5.616752109262678,4.84366942552761e-05,7.370239886706109e-05,53.74881445134163
107.78211357687049,-2.9891441079077077,-0.41826397530252835,27.63817920684818,-3.659107116858164,4.739313243180136e-05,9.89302313449252e-05,34.81002422523066
108.07855762062994,-2.9891441079077077,-0.19518958958366245,27.538360955980124,-4.650979946719276,4.8785536010886956e-05,9.063524856696524e-05,46.614885654046155
107.83152091749706,-2.791514745401413,-0.4584549391482958,27.610878859625984,-3.089292392465803,4.8329559462438864e-05,8.658600032373723e-05,35.3043724262933
108.22677964250965,-2.939736767281134,-0.11198879935511155,27.612574280632884,-5.0550930380821235,4.768283600947128e-05,6.714322857188466e-05,51.91328869945845
107.83152091749706,-2.791514745401413,-0.4584549391482958,27.610878859625984,-3.089292392465803,4.8329559462438864e-05,8.658600032373723e-05,28.88940959254424
108.02915028000336,-3.137366129787429,-0.0852512869622884,27.58075190650095,-4.7829223566585135,4.736513870762523e-05,7.608160887753227e-05,49.84831041527542
108.02915028000336,-2.939736767281134,-0.38888600246793487,27.468303447299547,-3.4074801908599004,4.9663961488123496e-05,9.9150283288277e-05,36.56675617285609
107.83152091749706,-2.939736767281134,-0.31051399328287327,27.597914992438405,-3.1578104588720532,4.797860618092597e-05,9.011569609228894e-05,37.97780433588909
107.68329889561734,-3.0385514485342813,-0.4340133337554923,27.66619841257733,-3.6583333267105957,4.766138017840386e-05,7.876023611302423e-05,35.96863189592989
107.88092825812363,-3.0879587891608553,-0.25088718361063517,27.608754836188382,-4.2812154067887205,4.8775665234686963e-05,6.484860911414898e-05,44.94513029336063
107.97974293937678,-3.137366129787429,-0.11564038663172023,27.58075190650095,-4.7829223566585135,4.973112282260381e-05,9.779701630556918e-05,53.218292022437005
107.97974293937678,-3.236180811040576,-0.012028857488942401,27.672383308410588,-5.844219964080387,4.6916712999645974e-05,9.78238044911403e-05,55.48836030316032
107.83152091749706,-3.137366129787429,-0.27832578515206396,27.67650928497318,-4.717574049366846,4.982843166998001e-05,0.00010944433212219086,43.719759163099546
107.97974293937678,-2.6927000641482657,-0.3982735822360951,27.543911086188473,-3.3892327136463587,4.9537979233966365e-05,0.00010302165532120746,35.450556978542195
108.17737230188308,-3.0385514485342813,-0.06144798536789395,27.630958069695396,-5.3182434015803866,4.696497757756957e-05,7.483849063537656e-05,48.21645815226659
107.68329889561734,-2.8903294266545605,-0.3595238068629796,27.733743985494016,-3.2088656889067755,4.826917221648487e-05,9.31199011986659e-05,34.61496335670645
108.12796496125651,-2.7421074047748393,-0.31080676411949465,27.602409892612172,-4.146882453229693,4.86190687675348e-05,8.153434495978412e-05,46.56137576527675
108.07855762062994,-2.9891441079077077,-0.19518958958366245,27.538360955980124,-4.650979946719276,4.8785536010886956e-05,9.063524856696524e-05,44.874132167113004
107.97974293937678,-2.791514745401413,-0.4255208130053933,27.488908916049468,-3.3225301040543456,4.799064877401433e-05,0.00010242539751691916,29.5974833633776
107.68329889561734,-2.791514745401413,-0.2640259919382026,27.794016880459367,-3.0357476062244837,4.795147810335047e-05,0.00010616097769112424,39.221693429477966
107.97974293937678,-2.7421074047748393,-0.38739913739459253,27.543911086188473,-3.3892327136463587,4.828854962974155e-05,9.914729063288476e-05,37.30037594510934
108.22677964250965,-2.791514745401413,-0.032648915461506466,27.604102600945453,-5.024324537648095,4.9764889357216066e-05,9.634857838517853e-05,57.90356170600903
108.02915028000336,-2.9891441079077077,-0.3319141971073438,27.494977166917693,-3.8918043282296932,4.916808620701557e-05,0.00010058457626844054,32.9528433407342
107.68329889561734,-2.6927000641482657,-0.20522989641038286,27.869185066223167,-2.957024461693234,4.87120168513314e-05,0.00011288654176155283,40.6933982136971
108.22677964250965,-2.791514745401413,-0.032648915461506466,27.604102600945453,-5.024324537648095,4.9764889357216066e-05,9.634857838517853e-05,53.6020250748726
107.97974293937678,-2.6927000641482657,-0.3982735822360951,27.543911086188473,-3.3892327136463587,4.9537979233966365e-05,0.00010302165532120746,33.10074816185436
108.17737230188308,-3.0385514485342813,-0.06144798536789395,27.630958069695396,-5.3182434015803866,4.696497757756957e-05,7.483849063537656e-05,51.281352653948666
108.07855762062994,-2.840922086027987,-0.3427504630350727,27.565243551466267,-4.1746507366498316,4.8190988623048915e-05,9.906740625231119e-05,41.25338735902212
107.68329889561734,-2.5938853828951185,-0.22291437050491647,27.99526199764682,-3.4650512629085117,5.015617076145176e-05,0.00011567647497618537,45.2039417614983
107.83152091749706,-3.0385514485342813,-0.3365841179361083,27.63817920684818,-3.659107116858164,4.756096459311967e-05,5.707278309291875e-05,40.474053686222454
107.68329889561734,-2.9891441079077077,-0.44134955839189505,27.66619841257733,-3.6583333267105957,4.710088323399238e-05,8.807435764263893e-05,28.58556351749905
108.02915028000336,-2.8903294266545605,-0.39895663535501336,27.468303447299547,-3.4074801908599004,4.834884338132377e-05,7.537974315456681e-05,35.07866849773324
108.17737230188308,-2.939736767281134,-0.10393900447109819,27.612574280632884,-5.0550930380821235,4.77628219377554e-05,7.476732508624468e-05,47.84187218479394
108.07855762062994,-2.8903294266545605,-0.3355533065707322,27.50856223636208,-4.172134053707123,4.8166274882847915e-05,9.27350832390638e-05,42.08498610473042
107.73270623624391,-3.0879587891608553,-0.42954054187279606,27.689131355285667,-4.763786478837332,4.75490033497082e-05,8.072397483845766e-05,34.1659270374149
108.22677964250965,-2.840922086027987,-0.0379000991379849,27.604102600945453,-5.024324537648095,4.8151738966041475e-05,9.395586276867305e-05,55.820723492126
107.9303355987502,-2.840922086027987,-0.4452998731345396,27.537121264139785,-3.2286200563112883,4.9391536147300725e-05,8.802451664774852e-05,32.14731840874567
108.12796496125651,-2.939736767281134,-0.13839606911815883,27.50856223636208,-4.172134053707123,4.8843666407896524e-05,9.039636588773693e-05,48.963324829325536
107.68329889561734,-2.939736767281134,-0.38472628518419777,27.733743985494016,-3.2088656889067755,4.68980103099612e-05,9.191961840730236e-05,32.84094641261842
107.5844842143642,-2.840922086027987,-0.32440022916625383,27.948316468132873,-3.301089810000525,4.8751657011834296e-05,9.96733426137432e-05,41.04711424654054
108.02915028000336,-2.791514745401413,-0.4220144817556809,27.488908916049468,-3.3225301040543456,4.855381426085906e-05,0.00010827197315906662,37.57752769436904
108.12796496125651,-2.939736767281134,-0.13839606911815883,27.50856223636208,-4.172134053707123,4.8843666407896524e-05,9.039636588773693e-05,46.24906625591095
108.07855762062994,-2.791514745401413,-0.39007418516938863,27.565243551466267,-4.1746507366498316,4.808427002155477e-05,9.642384976062991e-05,35.81414517353404
107.63389155499077,-2.939736767281134,-0.3510987113446983,27.91895720163984,-3.75719196928872,4.809207222481821e-05,0.00010110724533142653,39.594477925443705
107.78211357687049,-2.8903294266545605,-0.3532757383481807,27.597914992438405,-3.1578104588720532,4.793099783635255e-05,0.00010820323076488933,33.15620488630843
108.17737230188308,-3.0385514485342813,-0.06144798536789395,27.630958069695396,-5.3182434015803866,4.696497757756957e-05,7.483849063537656e-05,51.15240227106395
107.88092825812363,-2.840922086027987,-0.4067503006410104,27.537121264139785,-3.2286200563112883,4.8736108550951975e-05,0.00010505714257337319,40.024862291081874
108.22677964250965,-2.8903294266545605,-0.13593003998296033,27.612574280632884,-5.0550930380821235,4.673506808559672e-05,5.195094404613056e-05,47.27172137493375
108.07855762062994,-2.9891441079077077,-0.19518958958366245,27.538360955980124,-4.650979946719276,4.8785536010886956e-05,9.063524856696524e-05,46.513972790811636
108.12796496125651,-2.6927000641482657,-0.2830993003622582,27.602409892612172,-4.146882453229693,4.664090918078074e-05,7.996225967966509e-05,37.84104457594458
108.22677964250965,-2.9891441079077077,-0.08187715086021385,27.630958069695396,-5.3182434015803866,4.742934278643248e-05,7.186429048987754e-05,55.153171156939045
107.9303355987502,-3.0385514485342813,-0.29569092233645106,27.57160748375793,-3.7028360936376785,4.852798563535983e-05,7.00381611499024e-05,38.03788684409646
107.9303355987502,-2.791514745401413,-0.4527574133376647,27.537121264139785,-3.2286200563112883,4.8604789553424876e-05,9.69524370513828e-05,38.457139487380815
107.5844842143642,-2.791514745401413,-0.215130794887614,27.948316468132873,-3.301089810000525,4.8682226527260226e-05,0.00011992987395314826,43.126239621464826
108.07855762062994,-3.137366129787429,-0.06478283589714379,27.661209805806607,-5.616752109262678,4.61680700624862e-05,7.355536567892328e-05,57.51613149766822
108.22677964250965,-2.939736767281134,-0.11198879935511155,27.612574280632884,-5.0550930380821235,4.768283600947128e-05,6.714322857188466e-05,51.56945080425605
107.68329889561734,-2.5938853828951185,-0.22291437050491647,27.99526199764682,-3.4650512629085117,5.015617076145176e-05,0.00011567647497618537,45.510192371146616
108.07855762062994,-3.137366129787429,-0.06478283589714379,27.661209805806607,-5.616752109262678,4.61680700624862e-05,7.355536567892328e-05,49.42387984174308
108.12796496125651,-2.840922086027987,-0.2660473447644401,27.565243551466267,-4.1746507366498316,4.893983807436539e-05,0.0001147453355499387,44.20442481895754
107.83152091749706,-2.7421074047748393,-0.4729610278981564,27.695310825771855,-2.999875888559553,4.804762916213366e-05,9.694511674968719e-05,30.00115261841298
107.78211357687049,-3.0385514485342813,-0.4615642438939657,27.63817920684818,-3.659107116858164,4.5601204507744614e-05,8.102045417165648e-05,30.464057838525964
107.73270623624391,-3.137366129787429,-0.4580282377527116,27.689131355285667,-4.763786478837332,4.759459346210952e-05,9.962351287222687e-05,36.05940115722707
107.88092825812363,-3.0385514485342813,-0.2880919437096485,27.57160748375793,-3.7028360936376785,4.817142479250188e-05,7.22407558994354e-05,40.78361340885761
107.78211357687049,-2.5938853828951185,-0.32631033538126836,27.84874235788982,-3.4736646797921917,4.8143036894773284e-05,0.00010773017434944008,35.34204905728812
107.68329889561734,-2.791514745401413,-0.2640259919382026,27.794016880459367,-3.0357476062244837,4.795147810335047e-05,0.00010616097769112424,47.21782823141293
107.88092825812363,-3.0385514485342813,-0.2880919437096485,27.57160748375793,-3.7028360936376785,4.817142479250188e-05,7.22407558994354e-05,34.06902534057447
107.83152091749706,-3.0385514485342813,-0.3365841179361083,27.63817920684818,-3.659107116858164,4.756096459311967e-05,5.707278309291875e-05,36.18228608882739
108.17737230188308,-3.0385514485342813,-0.06144798536789395,27.630958069695396,-5.3182434015803866,4.696497757756957e-05,7.483849063537656e-05,54.88390532108045
107.97974293937678,-2.9891441079077077,-0.3997145555280038,27.494977166917693,-3.8918043282296932,4.919786196977687e-05,6.246920463217788e-05,35.14535652187636
108.02915028000336,-2.8903294266545605,-0.39895663535501336,27.468303447299547,-3.4074801908599004,4.834884338132377e-05,7.537974315456681e-05,36.28880446456232
108.17737230188308,-3.0385514485342813,-0.06144798536789395,27.630958069695396,-5.3182434015803866,4.696497757756957e-05,7.483849063537656e-05,46.09935705730306
108.12796496125651,-2.8903294266545605,-0.2073740787445578,27.50856223636208,-4.172134053707123,4.754942501178443e-05,8.62469100972139e-05,51.2296003994348
107.63389155499077,-2.791514745401413,-0.20479654864355498,27.948316468132873,-3.301089810000525,4.6722153140137945e-05,8.298810413113266e-05,45.1824237296951
107.68329889561734,-3.0879587891608553,-0.40121386526152863,27.689131355285667,-4.763786478837332,4.784982612574023e-05,0.00011312485486545327,34.459418475136104
108.02915028000336,-3.137366129787429,-0.0852512869622884,27.58075190650095,-4.7829223566585135,4.736513870762523e-05,7.608160887753227e-05,50.796879805629025
108.02915028000336,-2.9891441079077077,-0.3319141971073438,27.494977166917693,-3.8918043282296932,4.916808620701557e-05,0.00010058457626844054,34.40114786432643
107.97974293937678,-3.1867734704140025,0.027982733239041838,27.672383308410588,-5.844219964080387,4.829318166335243e-05,0.00011054309183052065,62.482677940709664
108.07855762062994,-2.939736767281134,-0.27137226361626426,27.50856223636208,-4.172134053707123,4.848645279534163e-05,0.00010175934473552439,42.463741291628565
107.63389155499077,-2.8903294266545605,-0.3747148240870956,27.91895720163984,-3.75719196928872,4.928930526724701e-05,0.00010473748041992461,36.88433735216212
107.73270623624391,-3.0385514485342813,-0.4606348298337623,27.66619841257733,-3.6583333267105957,4.5195982912867034e-05,7.318069274191657e-05,32.73013736925549
107.78211357687049,-2.6927000641482657,-0.4303630558598673,27.695310825771855,-2.999875888559553,4.875098073259149e-05,0.00013775510916519737,31.01081782477867
107.97974293937678,-2.6927000641482657,-0.3982735822360951,27.543911086188473,-3.3892327136463587,4.9537979233966365e-05,0.00010302165532120746,34.40091262253068
107.68329889561734,-2.8903294266545605,-0.3595238068629796,27.733743985494016,-3.2088656889067755,4.826917221648487e-05,9.31199011986659e-05,37.82344619157163
107.78211357687049,-2.8903294266545605,-0.3532757383481807,27.597914992438405,-3.1578104588720532,4.793099783635255e-05,0.00010820323076488933,33.74997388986511
107.63389155499077,-3.0385514485342813,-0.3938650702840393,27.765433438619027,-4.0089016318321224,4.7036392912725584e-05,0.00011329136370219538,31.297147219625444
108.02915028000336,-2.939736767281134,-0.38888600246793487,27.468303447299547,-3.4074801908599004,4.9663961488123496e-05,9.9150283288277e-05,36.005371822744
107.9303355987502,-2.9891441079077077,-0.3172846986812468,27.57160748375793,-3.7028360936376785,4.879552800471437e-05,7.917584601790513e-05,37.394234642603266
107.78211357687049,-2.840922086027987,-0.2816843816187077,27.610878859625984,-3.089292392465803,4.660727525208673e-05,8.617857097495212e-05,40.22574320858128
107.9303355987502,-3.0385514485342813,-0.29569092233645106,27.57160748375793,-3.7028360936376785,4.852798563535983e-05,7.00381611499024e-05,41.97761159935568
107.78211357687049,-2.643292723521692,-0.41141991547402207,27.84874235788982,-3.4736646797921917,4.813654392315356e-05,0.0001044354619388988,38.88986029129434
107.83152091749706,-3.137366129787429,-0.27832578515206396,27.67650928497318,-4.717574049366846,4.982843166998001e-05,0.00010944433212219086,44.137719717926956
107.9303355987502,-2.7421074047748393,-0.42822803011948335,27.60504118601483,-3.1834045343928876,4.885963486141854e-05,0.0001156889696610161,33.22437396607554
107.68329889561734,-2.6927000641482657,-0.20522989641038286,27.869185066223167,-2.957024461693234,4.87120168513314e-05,0.00011288654176155283,42.81150371238004
108.07855762062994,-2.8903294266545605,-0.3355533065707322,27.50856223636208,-4.172134053707123,4.8166274882847915e-05,9.27350832390638e-05,38.954924794483276
108.12796496125651,-2.8903294266545605,-0.2073740787445578,27.50856223636208,-4.172134053707123,4.754942501178443e-05,8.62469100972139e-05,40.80056621435167
107.83152091749706,-2.939736767281134,-0.31051399328287327,27.597914992438405,-3.1578104588720532,4.797860618092597e-05,9.011569609228894e-05,40.19225166326764
107.73270623624391,-2.791514745401413,-0.289551910812191,27.794016880459367,-3.0357476062244837,4.976485122728352e-05,9.34524079974007e-05,37.07746417009177
107.83152091749706,-2.791514745401413,-0.4584549391482958,27.610878859625984,-3.089292392465803,4.8329559462438864e-05,8.658600032373723e-05,33.42326068567456
107.83152091749706,-2.643292723521692,-0.43552831726355035,27.84874235788982,-3.4736646797921917,4.6743000988272604e-05,0.00010023389042684796,33.89975786744327
107.68329889561734,-3.0385514485342813,-0.4340133337554923,27.66619841257733,-3.6583333267105957,4.766138017840386e-05,7.876023611302423e-05,33.56583289691402
107.97974293937678,-2.6927000641482657,-0.3982735822360951,27.543911086188473,-3.3892327136463587,4.9537979233966365e-05,0.00010302165532120746,33.72172995166076
107.88092825812363,-2.840922086027987,-0.4067503006410104,27.537121264139785,-3.2286200563112883,4.8736108550951975e-05,0.00010505714257337319,31.478690971055315
107.88092825812363,-2.643292723521692,-0.4351125145333872,27.691380161709276,-3.608751756615109,4.811893586106581e-05,9.024242927127916e-05,30.74567102460081
107.97974293937678,-2.9891441079077077,-0.3997145555280038,27.494977166917693,-3.8918043282296932,4.919786196977687e-05,6.246920463217788e-05,35.64019463298326
108.17737230188308,-2.6927000641482657,-0.2747595402451654,27.529986932542556,-4.985730652014416,4.7060133435067195e-05,9.696160127390406e-05,50.03177160649467
107.9303355987502,-2.791514745401413,-0.4527574133376647,27.537121264139785,-3.2286200563112883,4.8604789553424876e-05,9.69524370513828e-05,32.14432993618603
107.73270623624391,-2.9891441079077077,-0.4720680189526816,27.66619841257733,-3.6583333267105957,4.605284525739405e-05,8.453486514248036e-05,29.795994780528762
108.12796496125651,-2.939736767281134,-0.13839606911815883,27.50856223636208,-4.172134053707123,4.8843666407896524e-05,9.039636588773693e-05,54.31731366889608
107.73270623624391,-2.9891441079077077,-0.4720680189526816,27.66619841257733,-3.6583333267105957,4.605284525739405e-05,8.453486514248036e-05,30.954612884297642
107.9303355987502,-2.791514745401413,-0.4527574133376647,27.537121264139785,-3.2286200563112883,4.8604789553424876e-05,9.69524370513828e-05,36.37859083498841
108.22677964250965,-2.9891441079077077,-0.08187715086021385,27.630958069695396,-5.3182434015803866,4.742934278643248e-05,7.186429048987754e-05,52.98747969291295
107.68329889561734,-3.0879587891608553,-0.40121386526152863,27.689131355285667,-4.763786478837332,4.784982612574023e-05,0.00011312485486545327,37.25205896220703
107.97974293937678,-2.939736767281134,-0.430832979455993,27.468303447299547,-3.4074801908599004,4.975307867144641e-05,6.037828727676393e-05,35.03309568393067
107.68329889561734,-2.643292723521692,-0.23026498887164573,27.99526199764682,-3.4650512629085117,4.8848404127866795e-05,0.00010001568212337696,38.28729026104886
108.17737230188308,-2.6927000641482657,-0.2747595402451654,27.529986932542556,-4.985730652014416,4.7060133435067195e-05,9.696160127390406e-05,40.07691134771094
108.02915028000336,-2.6927000641482657,-0.35675790619175823,27.543911086188473,-3.3892327136463587,4.9130927790215144e-05,0.00011029786077037129,40.64634079336123
107.73270623624391,-2.840922086027987,-0.29164033134323203,27.794016880459367,-3.0357476062244837,4.6295541116538076e-05,9.430473675639245e-05,36.983991212414004
107.97974293937678,-2.939736767281134,-0.430832979455993,27.468303447299547,-3.4074801908599004,4.975307867144641e-05,6.037828727676393e-05,35.53502744618773
107.78211357687049,-2.9891441079077077,-0.41826397530252835,27.63817920684818,-3.659107116858164,4.739313243180136e-05,9.89302313449252e-05,38.67401030574935
107.9303355987502,-3.0879587891608553,-0.28296280535286294,27.608754836188382,-4.2812154067887205,4.831175703865063e-05,6.563366147259047e-05,44.28665113840962
108.22677964250965,-2.939736767281134,-0.11198879935511155,27.612574280632884,-5.0550930380821235,4.768283600947128e-05,6.714322857188466e-05,49.322433833090145
108.02915028000336,-2.9891441079077077,-0.3319141971073438,27.494977166917693,-3.8918043282296932,4.916808620701557e-05,0.00010058457626844054,38.975990397762146
108.22677964250965,-2.791514745401413,-0.032648915461506466,27.604102600945453,-5.024324537648095,4.9764889357216066e-05,9.634857838517853e-05,58.47001626666162
107.88092825812363,-2.939736767281134,-0.3736632736448856,27.508095656500984,-3.2238932225439285,4.94632365558259e-05,8.708089417421842e-05,40.625554962506534
108.07855762062994,-2.939736767281134,-0.27137226361626426,27.50856223636208,-4.172134053707123,4.848645279534163e-05,0.00010175934473552439,34.94113512274319
107.97974293937678,-2.6927000641482657,-0.3982735822360951,27.543911086188473,-3.3892327136463587,4.9537979233966365e-05,0.00010302165532120746,37.12563233654979
107.68329889561734,-2.643292723521692,-0.23026498887164573,27.99526199764682,-3.4650512629085117,4.8848404127866795e-05,0.00010001568212337696,46.64594121341392
107.68329889561734,-3.0879587891608553,-0.40121386526152863,27.689131355285667,-4.763786478837332,4.784982612574023e-05,0.00011312485486545327,39.17559037704478
108.12796496125651,-2.939736767281134,-0.13839606911815883,27.50856223636208,-4.172134053707123,4.8843666407896524e-05,9.039636588773693e-05,49.046123823161984
107.78211357687049,-2.840922086027987,-0.2816843816187077,27.610878859625984,-3.089292392465803,4.660727525208673e-05,8.617857097495212e-05,40.6928720963235
108.07855762062994,-2.7421074047748393,-0.3772197575270377,27.602409892612172,-4.146882453229693,4.77325837207461e-05,8.163276068387882e-05,35.588506014406605
108.17737230188308,-2.7421074047748393,-0.24548774896604222,27.529986932542556,-4.985730652014416,4.999021039612236e-05,0.00011116758673350683,48.90630330958189
107.78211357687049,-2.840922086027987,-0.2816843816187077,27.610878859625984,-3.089292392465803,4.660727525208673e-05,8.617857097495212e-05,39.62098754576244
108.22677964250965,-2.939736767281134,-0.11198879935511155,27.612574280632884,-5.0550930380821235,4.768283600947128e-05,6.714322857188466e-05,54.14814848640103
107.9303355987502,-2.8903294266545605,-0.35101224405961434,27.508095656500984,-3.2238932225439285,5.1127540187556273e-05,9.408275707187376e-05,36.12212119818572
107.9303355987502,-2.939736767281134,-0.3639268749296805,27.508095656500984,-3.2238932225439285,5.001086007369985e-05,8.565611193288356e-05,34.829820701622666
107.63389155499077,-2.8903294266545605,-0.3747148240870956,27.91895720163984,-3.75719196928872,4.928930526724701e-05,0.00010473748041992461,32.30741167594114
107.97974293937678,-2.8903294266545605,-0.41815007321591136,27.468303447299547,-3.4074801908599004,4.930897544157348e-05,8.886745573782487e-05,39.127390906270456
107.63389155499077,-2.840922086027987,-0.4078932931700579,27.948316468132873,-3.301089810000525,4.6220529400802006e-05,8.00798693757437e-05,32.976138211025855
108.12796496125651,-2.840922086027987,-0.2660473447644401,27.565243551466267,-4.1746507366498316,4.893983807436539e-05,0.0001147453355499387,41.76314531253052
107.83152091749706,-2.791514745401413,-0.4584549391482958,27.610878859625984,-3.089292392465803,4.8329559462438864e-05,8.658600032373723e-05,37.35491378910358
107.83152091749706,-2.5938853828951185,-0.35375918146742397,27.84874235788982,-3.4736646797921917,4.5191414826848654e-05,0.00011249548034868943,40.76659115517737
107.88092825812363,-2.939736767281134,-0.3736632736448856,27.508095656500984,-3.2238932225439285,4.94632365558259e-05,8.708089417421842e-05,34.249158219829134
108.02915028000336,-2.840922086027987,-0.40861316314232193,27.488908916049468,-3.3225301040543456,4.7690577555877885e-05,9.693521486181346e-05,27.769599737187395
108.12796496125651,-2.6927000641482657,-0.2830993003622582,27.602409892612172,-4.146882453229693,4.664090918078074e-05,7.996225967966509e-05,42.18188358006848
108.12796496125651,-2.6927000641482657,-0.2830993003622582,27.602409892612172,-4.146882453229693,4.664090918078074e-05,7.996225967966509e-05,45.87133966752618
108.02915028000336,-2.939736767281134,-0.38888600246793487,27.468303447299547,-3.4074801908599004,4.9663961488123496e-05,9.9150283288277e-05,33.8963437984678
108.22677964250965,-2.939736767281134,-0.11198879935511155,27.612574280632884,-5.0550930380821235,4.768283600947128e-05,6.714322857188466e-05,51.793970803667285
107.68329889561734,-2.939736767281134,-0.38472628518419777,27.733743985494016,-3.2088656889067755,4.68980103099612e-05,9.191961840730236e-05,36.75278583567875
107.97974293937678,-3.236180811040576,-0.012028857488942401,27.672383308410588,-5.844219964080387,4.6916712999645974e-05,9.78238044911403e-05,60.85349064783039
107.68329889561734,-2.840922086027987,-0.32497123628687646,27.794016880459367,-3.0357476062244837,4.705288939527628e-05,9.291316338915924e-05,44.029956197134155
108.07855762062994,-2.791514745401413,-0.39007418516938863,27.565243551466267,-4.1746507366498316,4.808427002155477e-05,9.642384976062991e-05,32.48017862464088
107.97974293937678,-3.0879587891608553,-0.23785258990052388,27.58075190650095,-4.7829223566585135,4.775117604238648e-05,7.046715866194184e-05,43.72307907427834
107.68329889561734,-3.0879587891608553,-0.40121386526152863,27.689131355285667,-4.763786478837332,4.784982612574023e-05,0.00011312485486545327,37.877025724123335
107.97974293937678,-3.0385514485342813,-0.30029459154701316,27.494977166917693,-3.8918043282296932,4.939269538983334e-05,7.034632409843724e-05,46.07959870695355
107.73270623624391,-2.8903294266545605,-0.380152181274252,27.733743985494016,-3.2088656889067755,4.6741601563649126e-05,8.370663814348134e-05,34.816461987495224
108.07855762062994,-3.0879587891608553,0.01670058422704254,27.661209805806607,-5.616752109262678,4.938233186519286e-05,8.479808027546422e-05,60.88023929576693
107.73270623624391,-3.137366129787429,-0.4580282377527116,27.689131355285667,-4.763786478837332,4.759459346210952e-05,9.962351287222687e-05,33.30637757748999
107.5844842143642,-2.840922086027987,-0.32440022916625383,27.948316468132873,-3.301089810000525,4.8751657011834296e-05,9.96733426137432e-05,36.10066790403845
107.9303355987502,-3.0879587891608553,-0.28296280535286294,27.608754836188382,-4.2812154067887205,4.831175703865063e-05,6.563366147259047e-05,44.75900650465266
107.88092825812363,-3.0385514485342813,-0.2880919437096485,27.57160748375793,-3.7028360936376785,4.817142479250188e-05,7.22407558994354e-05,44.46766382429107
107.97974293937678,-2.6927000641482657,-0.3982735822360951,27.543911086188473,-3.3892327136463587,4.9537979233966365e-05,0.00010302165532120746,35.348071959881445
107.97974293937678,-2.939736767281134,-0.430832979455993,27.468303447299547,-3.4074801908599004,4.975307867144641e-05,6.037828727676393e-05,35.495874745381
107.88092825812363,-2.791514745401413,-0.4679425098836955,27.537121264139785,-3.2286200563112883,4.802509134229428e-05,9.595537362806485e-05,29.967125179050935
107.97974293937678,-2.6927000641482657,-0.3982735822360951,27.543911086188473,-3.3892327136463587,4.9537979233966365e-05,0.00010302165532120746,31.793958615575253
107.9303355987502,-2.791514745401413,-0.4527574133376647,27.537121264139785,-3.2286200563112883,4.8604789553424876e-05,9.69524370513828e-05,36.10713618288888
108.02915028000336,-2.939736767281134,-0.38888600246793487,27.468303447299547,-3.4074801908599004,4.9663961488123496e-05,9.9150283288277e-05,38.80612783793347
107.73270623624391,-2.9891441079077077,-0.4720680189526816,27.66619841257733,-3.6583333267105957,4.605284525739405e-05,8.453486514248036e-05,33.727072404204094
108.12796496125651,-2.791514745401413,-0.2909988123015262,27.565243551466267,-4.1746507366498316,4.874994184429853e-05,0.00010032169185547003,48.627461496469124
107.78211357687049,-2.6927000641482657,-0.4303630558598673,27.695310825771855,-2.999875888559553,4.875098073259149e-05,0.00013775510916519737,34.33139584824686
107.97974293937678,-2.939736767281134,-0.430832979455993,27.468303447299547,-3.4074801908599004,4.975307867144641e-05,6.037828727676393e-05,36.83674148503897
107.9303355987502,-2.8903294266545605,-0.35101224405961434,27.508095656500984,-3.2238932225439285,5.1127540187556273e-05,9.408275707187376e-05,43.23418611881925
107.63389155499077,-2.939736767281134,-0.3510987113446983,27.91895720163984,-3.75719196928872,4.809207222481821e-05,0.00010110724533142653,33.989477113368906
107.73270623624391,-2.840922086027987,-0.29164033134323203,27.794016880459367,-3.0357476062244837,4.6295541116538076e-05,9.430473675639245e-05,42.36645517077659
107.78211357687049,-3.0385514485342813,-0.4615642438939657,27.63817920684818,-3.659107116858164,4.5601204507744614e-05,8.102045417165648e-05,30.41795315854836
107.78211357687049,-2.939736767281134,-0.34684670019660907,27.597914992438405,-3.1578104588720532,4.762854931691992e-05,9.416180056658646e-05,39.31207325597332
108.12796496125651,-2.8903294266545605,-0.2073740787445578,27.50856223636208,-4.172134053707123,4.754942501178443e-05,8.62469100972139e-05,47.71030956539999
107.73270623624391,-2.840922086027987,-0.29164033134323203,27.794016880459367,-3.0357476062244837,4.6295541116538076e-05,9.430473675639245e-05,38.02851485003383
107.88092825812363,-2.8903294266545605,-0.36607933106463525,27.508095656500984,-3.2238932225439285,4.91108618687988e-05,9.17865243422811e-05,39.57696917596476
108.07855762062994,-2.6927000641482657,-0.33528345004517596,27.602409892612172,-4.146882453229693,4.8078826451469464e-05,9.44423611025367e-05,37.23505995565066
108.07855762062994,-3.0879587891608553,0.01670058422704254,27.661209805806607,-5.616752109262678,4.938233186519286e-05,8.479808027546422e-05,62.38200702089665
107.63389155499077,-2.840922086027987,-0.4078932931700579,27.948316468132873,-3.301089810000525,4.6220529400802006e-05,8.00798693757437e-05,33.74712697259322
107.83152091749706,-2.5938853828951185,-0.35375918146742397,27.84874235788982,-3.4736646797921917,4.5191414826848654e-05,0.00011249548034868943,32.5094576612783
107.88092825812363,-2.5938853828951185,-0.31124751775984094,27.691380161709276,-3.608751756615109,4.5826359516982094e-05,0.00012360391548141603,37.56998377919164
108.12796496125651,-2.9891441079077077,-0.06258198724925669,27.538360955980124,-4.650979946719276,4.878703719494774e-05,7.884245632153908e-05,54.933986806927585
107.83152091749706,-2.5938853828951185,-0.35375918146742397,27.84874235788982,-3.4736646797921917,4.5191414826848654e-05,0.00011249548034868943,36.47711464874227
108.07855762062994,-3.0385514485342813,-0.11459037326270367,27.538360955980124,-4.650979946719276,4.945554277764228e-05,0.00010273672417241439,58.490513229098646
107.63389155499077,-2.8903294266545605,-0.3747148240870956,27.91895720163984,-3.75719196928872,4.928930526724701e-05,0.00010473748041992461,34.63931959437837
107.88092825812363,-2.643292723521692,-0.4351125145333872,27.691380161709276,-3.608751756615109,4.811893586106581e-05,9.024242927127916e-05,36.600226922512086
107.9303355987502,-3.0385514485342813,-0.29569092233645106,27.57160748375793,-3.7028360936376785,4.852798563535983e-05,7.00381611499024e-05,46.432584641594836
107.73270623624391,-2.791514745401413,-0.289551910812191,27.794016880459367,-3.0357476062244837,4.976485122728352e-05,9.34524079974007e-05,43.20009906654221
107.97974293937678,-2.791514745401413,-0.4255208130053933,27.488908916049468,-3.3225301040543456,4.799064877401433e-05,0.00010242539751691916,38.363084417840454
107.78211357687049,-2.840922086027987,-0.2816843816187077,27.610878859625984,-3.089292392465803,4.660727525208673e-05,8.617857097495212e-05,42.5132423205507
107.9303355987502,-2.8903294266545605,-0.35101224405961434,27.508095656500984,-3.2238932225439285,5.1127540187556273e-05,9.408275707187376e-05,35.67652480120651
107.88092825812363,-2.8903294266545605,-0.36607933106463525,27.508095656500984,-3.2238932225439285,4.91108618687988e-05,9.17865243422811e-05,34.97637882842784
107.68329889561734,-2.840922086027987,-0.32497123628687646,27.794016880459367,-3.0357476062244837,4.705288939527628e-05,9.291316338915924e-05,32.191773241414154
108.02915028000336,-2.6927000641482657,-0.35675790619175823,27.543911086188473,-3.3892327136463587,4.9130927790215144e-05,0.00011029786077037129,37.329985375830816
107.68329889561734,-3.0879587891608553,-0.40121386526152863,27.689131355285667,-4.763786478837332,4.784982612574023e-05,0.00011312485486545327,35.10315457633405
108.12796496125651,-2.6927000641482657,-0.2830993003622582,27.602409892612172,-4.146882453229693,4.664090918078074e-05,7.996225967966509e-05,39.88328058786157
107.97974293937678,-3.0385514485342813,-0.30029459154701316,27.494977166917693,-3.8918043282296932,4.939269538983334e-05,7.034632409843724e-05,43.689432411597714
108.12796496125651,-3.0385514485342813,-0.009685363334448227,27.538360955980124,-4.650979946719276,4.8863104334211e-05,6.709215798988773e-05,51.078805305298545
107.88092825812363,-3.0879587891608553,-0.25088718361063517,27.608754836188382,-4.2812154067887205,4.8775665234686963e-05,6.484860911414898e-05,40.58621174153819
107.73270623624391,-2.5938853828951185,-0.30189156017546487,27.99526199764682,-3.4650512629085117,4.959619807928132e-05,0.0001101668189700772,46.25306696457761
108.07855762062994,-2.9891441079077077,-0.19518958958366245,27.538360955980124,-4.650979946719276,4.8785536010886956e-05,9.063524856696524e-05,54.802592182621616
108.22677964250965,-2.791514745401413,-0.032648915461506466,27.604102600945453,-5.024324537648095,4.9764889357216066e-05,9.634857838517853e-05,56.86671793651194
107.9303355987502,-2.791514745401413,-0.4527574133376647,27.537121264139785,-3.2286200563112883,4.8604789553424876e-05,9.69524370513828e-05,34.168931781863336
108.17737230188308,-2.6927000641482657,-0.2747595402451654,27.529986932542556,-4.985730652014416,4.7060133435067195e-05,9.696160127390406e-05,40.84209359225376
108.17737230188308,-2.9891441079077077,-0.12184632180145916,27.630958069695396,-5.3182434015803866,4.8465273559610454e-05,6.303404275145379e-05,52.56803828081308
107.97974293937678,-2.9891441079077077,-0.3997145555280038,27.494977166917693,-3.8918043282296932,4.919786196977687e-05,6.246920463217788e-05,35.84220764308529
107.88092825812363,-2.6927000641482657,-0.43015225129514784,27.60504118601483,-3.1834045343928876,4.916193502333952e-05,9.675298910590742e-05,32.42950051718247
107.9303355987502,-2.6927000641482657,-0.42748612915578416,27.60504118601483,-3.1834045343928876,4.960556231112287e-05,9.331415388272486e-05,35.506036573763076
107.9303355987502,-2.643292723521692,-0.40626775029213286,27.691380161709276,-3.608751756615109,4.853028956610756e-05,7.41262145508877e-05,37.34506830029326
107.78211357687049,-2.9891441079077077,-0.41826397530252835,27.63817920684818,-3.659107116858164,4.739313243180136e-05,9.89302313449252e-05,31.773548590851355
107.9303355987502,-2.8903294266545605,-0.35101224405961434,27.508095656500984,-3.2238932225439285,5.1127540187556273e-05,9.408275707187376e-05,39.10662394506379
107.63389155499077,-2.8903294266545605,-0.3747148240870956,27.91895720163984,-3.75719196928872,4.928930526724701e-05,0.00010473748041992461,35.74781107271289
108.17737230188308,-2.7421074047748393,-0.24548774896604222,27.529986932542556,-4.985730652014416,4.999021039612236e-05,0.00011116758673350683,48.66598988591924
107.78211357687049,-2.8903294266545605,-0.3532757383481807,27.597914992438405,-3.1578104588720532,4.793099783635255e-05,0.00010820323076488933,35.937975338810205
107.5844842143642,-2.8903294266545605,-0.3459160038990211,27.91895720163984,-3.75719196928872,5.080145177538494e-05,0.00011562702730532405,43.63457561572309
107.9303355987502,-3.0385514485342813,-0.29569092233645106,27.57160748375793,-3.7028360936376785,4.852798563535983e-05,7.00381611499024e-05,40.52758203742236
107.83152091749706,-2.791514745401413,-0.4584549391482958,27.610878859625984,-3.089292392465803,4.8329559462438864e-05,8.658600032373723e-05,35.878726725892584
107.63389155499077,-2.8903294266545605,-0.3747148240870956,27.91895720163984,-3.75719196928872,4.928930526724701e-05,0.00010473748041992461,37.23387025476777
107.78211357687049,-2.791514745401413,-0.3619481713187156,27.610878859625984,-3.089292392465803,4.9141095994569575e-05,9.48074055819226e-05,38.56315632837476
107.88092825812363,-2.939736767281134,-0.3736632736448856,27.508095656500984,-3.2238932225439285,4.94632365558259e-05,8.708089417421842e-05,37.306237796826665
108.22677964250965,-2.840922086027987,-0.0379000991379849,27.604102600945453,-5.024324537648095,4.8151738966041475e-05,9.395586276867305e-05,58.82868940929846
108.02915028000336,-3.0385514485342813,-0.20380908893896124,27.494977166917693,-3.8918043282296932,4.893273092418207e-05,0.00010190027924981908,38.145290282098955
107.9303355987502,-2.9891441079077077,-0.3172846986812468,27.57160748375793,-3.7028360936376785,4.879552800471437e-05,7.917584601790513e-05,39.62240731420518
107.73270623624391,-2.5938853828951185,-0.30189156017546487,27.99526199764682,-3.4650512629085117,4.959619807928132e-05,0.0001101668189700772,38.94419395515199
108.02915028000336,-2.8903294266545605,-0.39895663535501336,27.468303447299547,-3.4074801908599004,4.834884338132377e-05,7.537974315456681e-05,30.421201557429974
107.78211357687049,-2.9891441079077077,-0.41826397530252835,27.63817920684818,-3.659107116858164,4.739313243180136e-05,9.89302313449252e-05,37.326172109797
107.97974293937678,-2.791514745401413,-0.4255208130053933,27.488908916049468,-3.3225301040543456,4.799064877401433e-05,0.00010242539751691916,29.53001203860713
107.73270623624391,-2.643292723521692,-0.33553783643527235,27.99526199764682,-3.4650512629085117,4.892621545430213e-05,9.393673809136316e-05,37.51657823325746
107.5844842143642,-2.8903294266545605,-0.3459160038990211,27.91895720163984,-3.75719196928872,5.080145177538494e-05,0.00011562702730532405,40.692579198038885
108.12796496125651,-3.0879587891608553,0.011109752130142248,27.661209805806607,-5.616752109262678,4.84366942552761e-05,7.370239886706109e-05,59.072524183605786
107.83152091749706,-2.643292723521692,-0.43552831726355035,27.84874235788982,-3.4736646797921917,4.6743000988272604e-05,0.00010023389042684796,37.018856123003175
108.02915028000336,-3.0879587891608553,-0.11104994810990217,27.58075190650095,-4.7829223566585135,4.86843547911007e-05,7.57912337169153e-05,54.73794377334314
107.5844842143642,-2.9891441079077077,-0.2308302628003082,27.765433438619027,-4.0089016318321224,4.785567908531111e-05,0.00011051315551992805,39.93435559149401
108.07855762062994,-3.137366129787429,-0.06478283589714379,27.661209805806607,-5.616752109262678,4.61680700624862e-05,7.355536567892328e-05,51.286658400616744
108.02915028000336,-3.0879587891608553,-0.11104994810990217,27.58075190650095,-4.7829223566585135,4.86843547911007e-05,7.57912337169153e-05,46.67193376430193
107.97974293937678,-3.236180811040576,-0.012028857488942401,27.672383308410588,-5.844219964080387,4.6916712999645974e-05,9.78238044911403e-05,57.64167276215165
107.73270623624391,-3.0385514485342813,-0.4606348298337623,27.66619841257733,-3.6583333267105957,4.5195982912867034e-05,7.318069274191657e-05,30.330111312649258
107.78211357687049,-2.791514745401413,-0.3619481713187156,27.610878859625984,-3.089292392465803,4.9141095994569575e-05,9.48074055819226e-05,34.538805812899234
108.12796496125651,-2.6927000641482657,-0.2830993003622582,27.602409892612172,-4.146882453229693,4.664090918078074e-05,7.996225967966509e-05,44.93442297137362
107.68329889561734,-2.840922086027987,-0.32497123628687646,27.794016880459367,-3.0357476062244837,4.705288939527628e-05,9.291316338915924e-05,35.82226947482641
107.9303355987502,-2.840922086027987,-0.4452998731345396,27.537121264139785,-3.2286200563112883,4.9391536147300725e-05,8.802451664774852e-05,29.30580160600461
108.22677964250965,-2.7421074047748393,-0.16056107768770225,27.529986932542556,-4.985730652014416,4.865561646879633e-05,9.954560249259445e-05,51.139601533737924
108.02915028000336,-2.791514745401413,-0.4220144817556809,27.488908916049468,-3.3225301040543456,4.855381426085906e-05,0.00010827197315906662,33.99954959365888
108.07855762062994,-2.6927000641482657,-0.33528345004517596,27.602409892612172,-4.146882453229693,4.8078826451469464e-05,9.44423611025367e-05,41.368589019462604
108.12796496125651,-3.0879587891608553,0.011109752130142248,27.661209805806607,-5.616752109262678,4.84366942552761e-05,7.370239886706109e-05,55.46794184394875
107.78211357687049,-3.137366129787429,-0.4777579416802956,27.67650928497318,-4.717574049366846,4.958693686965571e-05,0.00010960072897527311,31.528554343426542
108.22677964250965,-2.791514745401413,-0.032648915461506466,27.604102600945453,-5.024324537648095,4.9764889357216066e-05,9.634857838517853e-05,58.93104267203833
108.12796496125651,-2.7421074047748393,-0.31080676411949465,27.602409892612172,-4.146882453229693,4.86190687675348e-05,8.153434495978412e-05,45.270152637775155
108.17737230188308,-2.840922086027987,-0.11437063434946045,27.604102600945453,-5.024324537648095,4.916200789186982e-05,9.435694281064083e-05,55.736029929233936
107.68329889561734,-2.8903294266545605,-0.3595238068629796,27.733743985494016,-3.2088656889067755,4.826917221648487e-05,9.31199011986659e-05,39.523251509558314
107.9303355987502,-2.840922086027987,-0.4452998731345396,27.537121264139785,-3.2286200563112883,4.9391536147300725e-05,8.802451664774852e-05,36.04441071144293
108.07855762062994,-2.840922086027987,-0.3427504630350727,27.565243551466267,-4.1746507366498316,4.8190988623048915e-05,9.906740625231119e-05,38.8801868289623
107.73270623624391,-2.5938853828951185,-0.30189156017546487,27.99526199764682,-3.4650512629085117,4.959619807928132e-05,0.0001101668189700772,38.736764237558845
107.9303355987502,-2.939736767281134,-0.3639268749296805,27.508095656500984,-3.2238932225439285,5.001086007369985e-05,8.565611193288356e-05,40.14777389340396
107.73270623624391,-2.5938853828951185,-0.30189156017546487,27.99526199764682,-3.4650512629085117,4.959619807928132e-05,0.0001101668189700772,37.63015878050894
107.9303355987502,-2.840922086027987,-0.4452998731345396,27.537121264139785,-3.2286200563112883,4.9391536147300725e-05,8.802451664774852e-05,30.63935378549145
107.68329889561734,-2.6927000641482657,-0.20522989641038286,27.869185066223167,-2.957024461693234,4.87120168513314e-05,0.00011288654176155283,47.051461295302175
107.68329889561734,-3.0879587891608553,-0.40121386526152863,27.689131355285667,-4.763786478837332,4.784982612574023e-05,0.00011312485486545327,33.73127343316962
107.83152091749706,-2.9891441079077077,-0.3140361856051047,27.63817920684818,-3.659107116858164,4.9197571388959405e-05,7.592653322462991e-05,41.16180545948262
107.9303355987502,-2.6927000641482657,-0.42748612915578416,27.60504118601483,-3.1834045343928876,4.960556231112287e-05,9.331415388272486e-05,36.53949816368881
108.02915028000336,-2.939736767281134,-0.38888600246793487,27.468303447299547,-3.4074801908599004,4.9663961488123496e-05,9.9150283288277e-05,38.864913810100425
108.12796496125651,-3.137366129787429,-0.044738533233301826,27.661209805806607,-5.616752109262678,4.733684892285098e-05,8.748523716325017e-05,49.92199037666571
108.07855762062994,-3.137366129787429,-0.06478283589714379,27.661209805806607,-5.616752109262678,4.61680700624862e-05,7.355536567892328e-05,51.09810115043153
107.68329889561734,-2.9891441079077077,-0.44134955839189505,27.66619841257733,-3.6583333267105957,4.710088323399238e-05,8.807435764263893e-05,31.837430660010185
108.22677964250965,-2.791514745401413,-0.032648915461506466,27.604102600945453,-5.024324537648095,4.9764889357216066e-05,9.634857838517853e-05,49.86735016225076
108.22677964250965,-3.0385514485342813,-0.05574371589234864,27.630958069695396,-5.3182434015803866,4.6844259584851275e-05,9.063254423281253e-05,49.83802632781748
108.07855762062994,-3.0385514485342813,-0.11459037326270367,27.538360955980124,-4.650979946719276,4.945554277764228e-05,0.00010273672417241439,48.152414062662814
108.07855762062994,-3.0879587891608553,0.01670058422704254,27.661209805806607,-5.616752109262678,4.938233186519286e-05,8.479808027546422e-05,59.56708126067071
108.12796496125651,-2.6927000641482657,-0.2830993003622582,27.602409892612172,-4.146882453229693,4.664090918078074e-05,7.996225967966509e-05,40.83054516666668
107.83152091749706,-2.643292723521692,-0.43552831726355035,27.84874235788982,-3.4736646797921917,4.6743000988272604e-05,0.00010023389042684796,27.22697979724446
108.22677964250965,-2.840922086027987,-0.0379000991379849,27.604102600945453,-5.024324537648095,4.8151738966041475e-05,9.395586276867305e-05,56.69595279387919
108.17737230188308,-2.7421074047748393,-0.24548774896604222,27.529986932542556,-4.985730652014416,4.999021039612236e-05,0.00011116758673350683,47.082734108261654
107.88092825812363,-2.9891441079077077,-0.309021667990693,27.57160748375793,-3.7028360936376785,4.8394360937941235e-05,8.551497450756217e-05,38.02464353983605
108.02915028000336,-2.939736767281134,-0.38888600246793487,27.468303447299547,-3.4074801908599004,4.9663961488123496e-05,9.9150283288277e-05,33.3803914789081
108.07855762062994,-3.0385514485342813,-0.11459037326270367,27.538360955980124,-4.650979946719276,4.945554277764228e-05,0.00010273672417241439,58.10714320847411
107.83152091749706,-3.137366129787429,-0.27832578515206396,27.67650928497318,-4.717574049366846,4.982843166998001e-05,0.00010944433212219086,44.083665000128754
107.63389155499077,-2.9891441079077077,-0.3859460690839294,27.765433438619027,-4.0089016318321224,4.769532484766637e-05,8.678728451396037e-05,40.281962408485654
107.9303355987502,-3.0879587891608553,-0.28296280535286294,27.608754836188382,-4.2812154067887205,4.831175703865063e-05,6.563366147259047e-05,38.38744287662798
108.02915028000336,-2.939736767281134,-0.38888600246793487,27.468303447299547,-3.4074801908599004,4.9663961488123496e-05,9.9150283288277e-05,41.09448330390103
107.73270623624391,-2.7421074047748393,-0.33991523358395814,27.869185066223167,-2.957024461693234,4.865140657631262e-05,9.020063700022723e-05,35.94833092524273
107.97974293937678,-3.0879587891608553,-0.23785258990052388,27.58075190650095,-4.7829223566585135,4.775117604238648e-05,7.046715866194184e-05,44.94088773127597
107.97974293937678,-3.0385514485342813,-0.30029459154701316,27.494977166917693,-3.8918043282296932,4.939269538983334e-05,7.034632409843724e-05,41.20133965536157
108.17737230188308,-2.840922086027987,-0.11437063434946045,27.604102600945453,-5.024324537648095,4.916200789186982e-05,9.435694281064083e-05,53.44980222468352
108.02915028000336,-2.8903294266545605,-0.39895663535501336,27.468303447299547,-3.4074801908599004,4.834884338132377e-05,7.537974315456681e-05,34.737946572702924
107.73270623624391,-2.7421074047748393,-0.33991523358395814,27.869185066223167,-2.957024461693234,4.865140657631262e-05,9.020063700022723e-05,36.45661536671872
108.12796496125651,-2.791514745401413,-0.2909988123015262,27.565243551466267,-4.1746507366498316,4.874994184429853e-05,0.00010032169185547003,40.86352691531953
108.07855762062994,-2.791514745401413,-0.39007418516938863,27.565243551466267,-4.1746507366498316,4.808427002155477e-05,9.642384976062991e-05,42.100673417891315
108.02915028000336,-2.791514745401413,-0.4220144817556809,27.488908916049468,-3.3225301040543456,4.855381426085906e-05,0.00010827197315906662,40.512665927354966
108.02915028000336,-2.6927000641482657,-0.35675790619175823,27.543911086188473,-3.3892327136463587,4.9130927790215144e-05,0.00011029786077037129,42.43648583991207
108.02915028000336,-3.0385514485342813,-0.20380908893896124,27.494977166917693,-3.8918043282296932,4.893273092418207e-05,0.00010190027924981908,42.88966273536947
108.02915028000336,-2.939736767281134,-0.38888600246793487,27.468303447299547,-3.4074801908599004,4.9663961488123496e-05,9.9150283288277e-05,37.33884722844925
107.68329889561734,-2.840922086027987,-0.32497123628687646,27.794016880459367,-3.0357476062244837,4.705288939527628e-05,9.291316338915924e-05,43.51493305766304
108.02915028000336,-2.8903294266545605,-0.39895663535501336,27.468303447299547,-3.4074801908599004,4.834884338132377e-05,7.537974315456681e-05,34.07670711492709
107.9303355987502,-2.939736767281134,-0.3639268749296805,27.508095656500984,-3.2238932225439285,5.001086007369985e-05,8.565611193288356e-05,34.9546940668128
107.63389155499077,-2.8903294266545605,-0.3747148240870956,27.91895720163984,-3.75719196928872,4.928930526724701e-05,0.00010473748041992461,37.38848647986851
107.63389155499077,-2.791514745401413,-0.20479654864355498,27.948316468132873,-3.301089810000525,4.6722153140137945e-05,8.298810413113266e-05,38.93410271888654
108.12796496125651,-2.8903294266545605,-0.2073740787445578,27.50856223636208,-4.172134053707123,4.754942501178443e-05,8.62469100972139e-05,44.584859362963165
108.22677964250965,-2.6927000641482657,-0.18214683102650855,27.529986932542556,-4.985730652014416,4.860225793805414e-05,9.22499842164094e-05,45.964230746353564
107.73270623624391,-3.0385514485342813,-0.4606348298337623,27.66619841257733,-3.6583333267105957,4.5195982912867034e-05,7.318069274191657e-05,36.40199926091471
107.9303355987502,-2.791514745401413,-0.4527574133376647,27.537121264139785,-3.2286200563112883,4.8604789553424876e-05,9.69524370513828e-05,32.60884827991555
107.68329889561734,-2.840922086027987,-0.32497123628687646,27.794016880459367,-3.0357476062244837,4.705288939527628e-05,9.291316338915924e-05,38.684620191294876
107.63389155499077,-2.791514745401413,-0.20479654864355498,27.948316468132873,-3.301089810000525,4.6722153140137945e-05,8.298810413113266e-05,41.562063279804654
107.78211357687049,-2.8903294266545605,-0.3532757383481807,27.597914992438405,-3.1578104588720532,4.793099783635255e-05,0.00010820323076488933,31.506116963480082
107.9303355987502,-3.0879587891608553,-0.28296280535286294,27.608754836188382,-4.2812154067887205,4.831175703865063e-05,6.563366147259047e-05,43.645595963658266
107.97974293937678,-2.7421074047748393,-0.38739913739459253,27.543911086188473,-3.3892327136463587,4.828854962974155e-05,9.914729063288476e-05,34.83274736726229
107.78211357687049,-2.840922086027987,-0.2816843816187077,27.610878859625984,-3.089292392465803,4.660727525208673e-05,8.617857097495212e-05,43.23805570872858
107.9303355987502,-2.6927000641482657,-0.42748612915578416,27.60504118601483,-3.1834045343928876,4.960556231112287e-05,9.331415388272486e-05,32.80125803916072
107.88092825812363,-2.643292723521692,-0.4351125145333872,27.691380161709276,-3.608751756615109,4.811893586106581e-05,9.024242927127916e-05,33.238127703930175
107.97974293937678,-3.137366129787429,-0.11564038663172023,27.58075190650095,-4.7829223566585135,4.973112282260381e-05,9.779701630556918e-05,54.88117444547066
108.12796496125651,-2.6927000641482657,-0.2830993003622582,27.602409892612172,-4.146882453229693,4.664090918078074e-05,7.996225967966509e-05,40.84896707653677
107.88092825812363,-2.5938853828951185,-0.31124751775984094,27.691380161709276,-3.608751756615109,4.5826359516982094e-05,0.00012360391548141603,41.61262711881969
107.88092825812363,-2.791514745401413,-0.4679425098836955,27.537121264139785,-3.2286200563112883,4.802509134229428e-05,9.595537362806485e-05,31.020551504970797
108.12796496125651,-3.0385514485342813,-0.009685363334448227,27.538360955980124,-4.650979946719276,4.8863104334211e-05,6.709215798988773e-05,57.582274720668565
107.9303355987502,-2.9891441079077077,-0.3172846986812468,27.57160748375793,-3.7028360936376785,4.879552800471437e-05,7.917584601790513e-05,39.389467825214126
107.68329889561734,-2.6927000641482657,-0.20522989641038286,27.869185066223167,-2.957024461693234,4.87120168513314e-05,0.00011288654176155283,38.46165310915773
107.73270623624391,-3.0879587891608553,-0.42954054187279606,27.689131355285667,-4.763786478837332,4.75490033497082e-05,8.072397483845766e-05,33.41029343500821
107.97974293937678,-2.8903294266545605,-0.41815007321591136,27.468303447299547,-3.4074801908599004,4.930897544157348e-05,8.886745573782487e-05,35.2912682210182
108.22677964250965,-2.939736767281134,-0.11198879935511155,27.612574280632884,-5.0550930380821235,4.768283600947128e-05,6.714322857188466e-05,48.46202815213915
107.83152091749706,-2.791514745401413,-0.4584549391482958,27.610878859625984,-3.089292392465803,4.8329559462438864e-05,8.658600032373723e-05,30.179997665534557
107.68329889561734,-2.939736767281134,-0.38472628518419777,27.733743985494016,-3.2088656889067755,4.68980103099612e-05,9.191961840730236e-05,36.828902615259324
108.07855762062994,-2.939736767281134,-0.27137226361626426,27.50856223636208,-4.172134053707123,4.848645279534163e-05,0.00010175934473552439,40.518125986706664
107.73270623624391,-3.137366129787429,-0.4580282377527116,27.689131355285667,-4.763786478837332,4.759459346210952e-05,9.962351287222687e-05,31.289585984066086
107.97974293937678,-2.9891441079077077,-0.3997145555280038,27.494977166917693,-3.8918043282296932,4.919786196977687e-05,6.246920463217788e-05,34.983618577195244
107.97974293937678,-3.236180811040576,-0.012028857488942401,27.672383308410588,-5.844219964080387,4.6916712999645974e-05,9.78238044911403e-05,56.369869665708976
108.07855762062994,-2.6927000641482657,-0.33528345004517596,27.602409892612172,-4.146882453229693,4.8078826451469464e-05,9.44423611025367e-05,41.743558309892364
107.97974293937678,-2.9891441079077077,-0.3997145555280038,27.494977166917693,-3.8918043282296932,4.919786196977687e-05,6.246920463217788e-05,36.926206406585614
108.07855762062994,-2.939736767281134,-0.27137226361626426,27.50856223636208,-4.172134053707123,4.848645279534163e-05,0.00010175934473552439,45.68199781607425
107.73270623624391,-2.939736767281134,-0.4049452824435907,27.733743985494016,-3.2088656889067755,4.754283907578133e-05,8.600538308969794e-05,29.349940124139565
107.97974293937678,-2.791514745401413,-0.4255208130053933,27.488908916049468,-3.3225301040543456,4.799064877401433e-05,0.00010242539751691916,33.59195148896081
108.07855762062994,-2.840922086027987,-0.3427504630350727,27.565243551466267,-4.1746507366498316,4.8190988623048915e-05,9.906740625231119e-05,34.654540319725534
107.88092825812363,-3.0879587891608553,-0.25088718361063517,27.608754836188382,-4.2812154067887205,4.8775665234686963e-05,6.484860911414898e-05,43.74050319517144
107.83152091749706,-2.7421074047748393,-0.4729610278981564,27.695310825771855,-2.999875888559553,4.804762916213366e-05,9.694511674968719e-05,29.833847882688072
107.73270623624391,-3.137366129787429,-0.4580282377527116,27.689131355285667,-4.763786478837332,4.759459346210952e-05,9.962351287222687e-05,39.60842153570391
108.07855762062994,-2.791514745401413,-0.39007418516938863,27.565243551466267,-4.1746507366498316,4.808427002155477e-05,9.642384976062991e-05,35.50988632768664
107.88092825812363,-2.9891441079077077,-0.309021667990693,27.57160748375793,-3.7028360936376785,4.8394360937941235e-05,8.551497450756217e-05,45.25575573973448
107.78211357687049,-2.643292723521692,-0.41141991547402207,27.84874235788982,-3.4736646797921917,4.813654392315356e-05,0.0001044354619388988,35.54276088805511
107.78211357687049,-2.7421074047748393,-0.41186618602611735,27.695310825771855,-2.999875888559553,4.9116472940334216e-05,0.00011357995424308561,31.23894086517852
107.83152091749706,-2.9891441079077077,-0.3140361856051047,27.63817920684818,-3.659107116858164,4.9197571388959405e-05,7.592653322462991e-05,45.55474150774501
107.73270623624391,-2.7421074047748393,-0.33991523358395814,27.869185066223167,-2.957024461693234,4.865140657631262e-05,9.020063700022723e-05,35.96428975842817
107.9303355987502,-3.137366129787429,-0.04709660653083225,27.608754836188382,-4.2812154067887205,5.028781554378822e-05,9.240614542488119e-05,53.04397712112703
107.68329889561734,-3.0879587891608553,-0.40121386526152863,27.689131355285667,-4.763786478837332,4.784982612574023e-05,0.00011312485486545327,42.16328345685689
107.73270623624391,-2.9891441079077077,-0.4720680189526816,27.66619841257733,-3.6583333267105957,4.605284525739405e-05,8.453486514248036e-05,31.39191505674589
107.78211357687049,-3.137366129787429,-0.4777579416802956,27.67650928497318,-4.717574049366846,4.958693686965571e-05,0.00010960072897527311,35.065048658176615
108.02915028000336,-2.791514745401413,-0.4220144817556809,27.488908916049468,-3.3225301040543456,4.855381426085906e-05,0.00010827197315906662,43.10422253433122
107.73270623624391,-2.939736767281134,-0.4049452824435907,27.733743985494016,-3.2088656889067755,4.754283907578133e-05,8.600538308969794e-05,34.824294124320495
107.88092825812363,-2.5938853828951185,-0.31124751775984094,27.691380161709276,-3.608751756615109,4.5826359516982094e-05,0.00012360391548141603,34.898187458119246
107.83152091749706,-2.791514745401413,-0.4584549391482958,27.610878859625984,-3.089292392465803,4.8329559462438864e-05,8.658600032373723e-05,29.365343244201465
108.12796496125651,-2.9891441079077077,-0.06258198724925669,27.538360955980124,-4.650979946719276,4.878703719494774e-05,7.884245632153908e-05,49.80898421606251
107.68329889561734,-2.8903294266545605,-0.3595238068629796,27.733743985494016,-3.2088656889067755,4.826917221648487e-05,9.31199011986659e-05,46.35462560677507
107.97974293937678,-2.939736767281134,-0.430832979455993,27.468303447299547,-3.4074801908599004,4.975307867144641e-05,6.037828727676393e-05,31.380716629227862
107.63389155499077,-2.840922086027987,-0.4078932931700579,27.948316468132873,-3.301089810000525,4.6220529400802006e-05,8.00798693757437e-05,39.070272124516706
108.17737230188308,-2.9891441079077077,-0.12184632180145916,27.630958069695396,-5.3182434015803866,4.8465273559610454e-05,6.303404275145379e-05,54.16154194414912
108.12796496125651,-3.0879587891608553,0.011109752130142248,27.661209805806607,-5.616752109262678,4.84366942552761e-05,7.370239886706109e-05,57.22659045740561
107.88092825812363,-2.840922086027987,-0.4067503006410104,27.537121264139785,-3.2286200563112883,4.8736108550951975e-05,0.00010505714257337319,44.56719018733823
107.73270623624391,-2.6927000641482657,-0.356015038818812,27.869185066223167,-2.957024461693234,4.8331679389572095e-05,0.00011212405058535359,35.92125474280526
107.88092825812363,-2.643292723521692,-0.4351125145333872,27.691380161709276,-3.608751756615109,4.811893586106581e-05,9.024242927127916e-05,28.660653481997656
107.73270623624391,-2.939736767281134,-0.4049452824435907,27.733743985494016,-3.2088656889067755,4.754283907578133e-05,8.600538308969794e-05,35.51619531592279
108.07855762062994,-2.6927000641482657,-0.33528345004517596,27.602409892612172,-4.146882453229693,4.8078826451469464e-05,9.44423611025367e-05,42.564521384910634
107.97974293937678,-2.840922086027987,-0.44328836685022005,27.488908916049468,-3.3225301040543456,4.836587916060541e-05,9.759222899714878e-05,38.65763482259213
108.17737230188308,-3.0385514485342813,-0.06144798536789395,27.630958069695396,-5.3182434015803866,4.696497757756957e-05,7.483849063537656e-05,53.88847376951605
107.88092825812363,-3.0385514485342813,-0.2880919437096485,27.57160748375793,-3.7028360936376785,4.817142479250188e-05,7.22407558994354e-05,42.44390901249775
107.83152091749706,-3.0385514485342813,-0.3365841179361083,27.63817920684818,-3.659107116858164,4.756096459311967e-05,5.707278309291875e-05,41.097027975363275
107.97974293937678,-3.0385514485342813,-0.30029459154701316,27.494977166917693,-3.8918043282296932,4.939269538983334e-05,7.034632409843724e-05,47.56186706601514
107.63389155499077,-2.939736767281134,-0.3510987113446983,27.91895720163984,-3.75719196928872,4.809207222481821e-05,0.00010110724533142653,38.30609186174168
108.02915028000336,-3.137366129787429,-0.0852512869622884,27.58075190650095,-4.7829223566585135,4.736513870762523e-05,7.608160887753227e-05,48.86076237080844
107.88092825812363,-2.7421074047748393,-0.4421456160202069,27.60504118601483,-3.1834045343928876,4.881620584750528e-05,0.00010408885941131377,33.10305463365005
107.68329889561734,-2.9891441079077077,-0.44134955839189505,27.66619841257733,-3.6583333267105957,4.710088323399238e-05,8.807435764263893e-05,31.566319988834362
107.73270623624391,-2.791514745401413,-0.289551910812191,27.794016880459367,-3.0357476062244837,4.976485122728352e-05,9.34524079974007e-05,40.62905503311186
108.02915028000336,-2.6927000641482657,-0.35675790619175823,27.543911086188473,-3.3892327136463587,4.9130927790215144e-05,0.00011029786077037129,35.765863939499326
107.73270623624391,-2.9891441079077077,-0.4720680189526816,27.66619841257733,-3.6583333267105957,4.605284525739405e-05,8.453486514248036e-05,31.603585836209486
107.9303355987502,-2.6927000641482657,-0.42748612915578416,27.60504118601483,-3.1834045343928876,4.960556231112287e-05,9.331415388272486e-05,36.50869926504477
107.68329889561734,-2.840922086027987,-0.32497123628687646,27.794016880459367,-3.0357476062244837,4.705288939527628e-05,9.291316338915924e-05,35.65386250670085
108.07855762062994,-2.9891441079077077,-0.19518958958366245,27.538360955980124,-4.650979946719276,4.8785536010886956e-05,9.063524856696524e-05,45.942520475851495
107.73270623624391,-2.8903294266545605,-0.380152181274252,27.733743985494016,-3.2088656889067755,4.6741601563649126e-05,8.370663814348134e-05,33.26639231171185
107.88092825812363,-2.5938853828951185,-0.31124751775984094,27.691380161709276,-3.608751756615109,4.5826359516982094e-05,0.00012360391548141603,39.360348347879096
107.73270623624391,-2.7421074047748393,-0.33991523358395814,27.869185066223167,-2.957024461693234,4.865140657631262e-05,9.020063700022723e-05,39.23821188427793
107.73270623624391,-2.8903294266545605,-0.380152181274252,27.733743985494016,-3.2088656889067755,4.6741601563649126e-05,8.370663814348134e-05,32.68045200178456
108.07855762062994,-3.0879587891608553,0.01670058422704254,27.661209805806607,-5.616752109262678,4.938233186519286e-05,8.479808027546422e-05,55.180219328904904
107.88092825812363,-3.0385514485342813,-0.2880919437096485,27.57160748375793,-3.7028360936376785,4.817142479250188e-05,7.22407558994354e-05,44.172484572597696
107.68329889561734,-2.9891441079077077,-0.44134955839189505,27.66619841257733,-3.6583333267105957,4.710088323399238e-05,8.807435764263893e-05,33.62355987567962
107.9303355987502,-2.840922086027987,-0.4452998731345396,27.537121264139785,-3.2286200563112883,4.9391536147300725e-05,8.802451664774852e-05,30.1560251447995
107.9303355987502,-3.0385514485342813,-0.29569092233645106,27.57160748375793,-3.7028360936376785,4.852798563535983e-05,7.00381611499024e-05,40.4282726416704
107.5844842143642,-3.0385514485342813,-0.2529134935980045,27.765433438619027,-4.0089016318321224,4.74201207780197e-05,8.32284520942437e-05,44.58350742861941
107.5844842143642,-2.9891441079077077,-0.2308302628003082,27.765433438619027,-4.0089016318321224,4.785567908531111e-05,0.00011051315551992805,44.68650806445301
108.22677964250965,-2.8903294266545605,-0.13593003998296033,27.612574280632884,-5.0550930380821235,4.673506808559672e-05,5.195094404613056e-05,50.22884913453373
107.73270623624391,-3.0385514485342813,-0.4606348298337623,27.66619841257733,-3.6583333267105957,4.5195982912867034e-05,7.318069274191657e-05,25.79383427599577
108.17737230188308,-3.0385514485342813,-0.06144798536789395,27.630958069695396,-5.3182434015803866,4.696497757756957e-05,7.483849063537656e-05,51.55020549379429
107.73270623624391,-2.5938853828951185,-0.30189156017546487,27.99526199764682,-3.4650512629085117,4.959619807928132e-05,0.0001101668189700772,37.93292486353585
108.22677964250965,-2.9891441079077077,-0.08187715086021385,27.630958069695396,-5.3182434015803866,4.742934278643248e-05,7.186429048987754e-05,62.35087429770945
108.17737230188308,-2.939736767281134,-0.10393900447109819,27.612574280632884,-5.0550930380821235,4.77628219377554e-05,7.476732508624468e-05,50.94565506626851
108.17737230188308,-2.840922086027987,-0.11437063434946045,27.604102600945453,-5.024324537648095,4.916200789186982e-05,9.435694281064083e-05,57.5239861233657
107.88092825812363,-2.8903294266545605,-0.36607933106463525,27.508095656500984,-3.2238932225439285,4.91108618687988e-05,9.17865243422811e-05,37.551764367568516
108.07855762062994,-3.0879587891608553,0.01670058422704254,27.661209805806607,-5.616752109262678,4.938233186519286e-05,8.479808027546422e-05,62.749679537905514
108.07855762062994,-2.8903294266545605,-0.3355533065707322,27.50856223636208,-4.172134053707123,4.8166274882847915e-05,9.27350832390638e-05,42.27289050220295
108.12796496125651,-2.791514745401413,-0.2909988123015262,27.565243551466267,-4.1746507366498316,4.874994184429853e-05,0.00010032169185547003,38.27177210883373
107.78211357687049,-2.840922086027987,-0.2816843816187077,27.610878859625984,-3.089292392465803,4.660727525208673e-05,8.617857097495212e-05,42.701632150150544
107.78211357687049,-2.643292723521692,-0.41141991547402207,27.84874235788982,-3.4736646797921917,4.813654392315356e-05,0.0001044354619388988,35.658379426070866
107.63389155499077,-3.0385514485342813,-0.3938650702840393,27.765433438619027,-4.0089016318321224,4.7036392912725584e-05,0.00011329136370219538,31.318354588194
107.88092825812363,-2.840922086027987,-0.4067503006410104,27.537121264139785,-3.2286200563112883,4.8736108550951975e-05,0.00010505714257337319,36.5763019396312
107.73270623624391,-2.643292723521692,-0.33553783643527235,27.99526199764682,-3.4650512629085117,4.892621545430213e-05,9.393673809136316e-05,44.578972771890236
107.97974293937678,-2.7421074047748393,-0.38739913739459253,27.543911086188473,-3.3892327136463587,4.828854962974155e-05,9.914729063288476e-05,27.532598171512703
107.78211357687049,-3.0385514485342813,-0.4615642438939657,27.63817920684818,-3.659107116858164,4.5601204507744614e-05,8.102045417165648e-05,33.349278819491346
108.17737230188308,-2.840922086027987,-0.11437063434946045,27.604102600945453,-5.024324537648095,4.916200789186982e-05,9.435694281064083e-05,45.20608489667127
107.73270623624391,-2.6927000641482657,-0.356015038818812,27.869185066223167,-2.957024461693234,4.8331679389572095e-05,0.00011212405058535359,45.48158764223516
107.73270623624391,-2.791514745401413,-0.289551910812191,27.794016880459367,-3.0357476062244837,4.976485122728352e-05,9.34524079974007e-05,37.55925776246648
107.9303355987502,-2.791514745401413,-0.4527574133376647,27.537121264139785,-3.2286200563112883,4.8604789553424876e-05,9.69524370513828e-05,33.91508417780942
107.9303355987502,-2.939736767281134,-0.3639268749296805,27.508095656500984,-3.2238932225439285,5.001086007369985e-05,8.565611193288356e-05,38.21960921617263
107.73270623624391,-2.7421074047748393,-0.33991523358395814,27.869185066223167,-2.957024461693234,4.865140657631262e-05,9.020063700022723e-05,41.045976282780835
107.73270623624391,-3.137366129787429,-0.4580282377527116,27.689131355285667,-4.763786478837332,4.759459346210952e-05,9.962351287222687e-05,38.06468897656568
108.17737230188308,-2.8903294266545605,-0.08303305542396118,27.612574280632884,-5.0550930380821235,4.841221936729034e-05,6.663276354219625e-05,52.212024131318266
108.07855762062994,-2.7421074047748393,-0.3772197575270377,27.602409892612172,-4.146882453229693,4.77325837207461e-05,8.163276068387882e-05,33.34003720874106
108.12796496125651,-3.137366129787429,-0.044738533233301826,27.661209805806607,-5.616752109262678,4.733684892285098e-05,8.748523716325017e-05,63.55740085702478
107.73270623624391,-2.7421074047748393,-0.33991523358395814,27.869185066223167,-2.957024461693234,4.865140657631262e-05,9.020063700022723e-05,40.30854119636716
107.9303355987502,-2.840922086027987,-0.4452998731345396,27.537121264139785,-3.2286200563112883,4.9391536147300725e-05,8.802451664774852e-05,31.646499559423223
107.73270623624391,-2.9891441079077077,-0.4720680189526816,27.66619841257733,-3.6583333267105957,4.605284525739405e-05,8.453486514248036e-05,30.361610410070643
108.02915028000336,-2.9891441079077077,-0.3319141971073438,27.494977166917693,-3.8918043282296932,4.916808620701557e-05,0.00010058457626844054,35.55711716952755
107.5844842143642,-3.0385514485342813,-0.2529134935980045,27.765433438619027,-4.0089016318321224,4.74201207780197e-05,8.32284520942437e-05,41.56894228581454
108.07855762062994,-2.6927000641482657,-0.33528345004517596,27.602409892612172,-4.146882453229693,4.8078826451469464e-05,9.44423611025367e-05,39.204638873761816
108.07855762062994,-2.6927000641482657,-0.33528345004517596,27.602409892612172,-4.146882453229693,4.8078826451469464e-05,9.44423611025367e-05,40.06888515122774
107.83152091749706,-2.791514745401413,-0.4584549391482958,27.610878859625984,-3.089292392465803,4.8329559462438864e-05,8.658600032373723e-05,29.60083510238242
107.68329889561734,-3.0385514485342813,-0.4340133337554923,27.66619841257733,-3.6583333267105957,4.766138017840386e-05,7.876023611302423e-05,33.481407044012606
107.97974293937678,-3.137366129787429,-0.11564038663172023,27.58075190650095,-4.7829223566585135,4.973112282260381e-05,9.779701630556918e-05,50.03970680139736
107.78211357687049,-3.137366129787429,-0.4777579416802956,27.67650928497318,-4.717574049366846,4.958693686965571e-05,0.00010960072897527311,30.732986258671335
107.97974293937678,-2.791514745401413,-0.4255208130053933,27.488908916049468,-3.3225301040543456,4.799064877401433e-05,0.00010242539751691916,32.823121909219836
107.78211357687049,-3.0879587891608553,-0.47912465028463175,27.67650928497318,-4.717574049366846,4.8103198935456836e-05,8.107377663056776e-05,32.561950217255145
107.88092825812363,-3.0385514485342813,-0.2880919437096485,27.57160748375793,-3.7028360936376785,4.817142479250188e-05,7.22407558994354e-05,46.50439686076435
107.88092825812363,-3.0385514485342813,-0.2880919437096485,27.57160748375793,-3.7028360936376785,4.817142479250188e-05,7.22407558994354e-05,38.32372180358073
107.73270623624391,-2.6927000641482657,-0.356015038818812,27.869185066223167,-2.957024461693234,4.8331679389572095e-05,0.00011212405058535359,35.48765330901324
107.73270623624391,-2.939736767281134,-0.4049452824435907,27.733743985494016,-3.2088656889067755,4.754283907578133e-05,8.600538308969794e-05,42.995084616146734
107.73270623624391,-3.137366129787429,-0.4580282377527116,27.689131355285667,-4.763786478837332,4.759459346210952e-05,9.962351287222687e-05,30.544856351611166
107.73270623624391,-2.8903294266545605,-0.380152181274252,27.733743985494016,-3.2088656889067755,4.6741601563649126e-05,8.370663814348134e-05,37.56121477237355
108.12796496125651,-3.137366129787429,-0.044738533233301826,27.661209805806607,-5.616752109262678,4.733684892285098e-05,8.748523716325017e-05,53.30996099566718
107.73270623624391,-3.0879587891608553,-0.42954054187279606,27.689131355285667,-4.763786478837332,4.75490033497082e-05,8.072397483845766e-05,28.570712609471997
107.97974293937678,-2.7421074047748393,-0.38739913739459253,27.543911086188473,-3.3892327136463587,4.828854962974155e-05,9.914729063288476e-05,36.467126194551625
107.78211357687049,-2.939736767281134,-0.34684670019660907,27.597914992438405,-3.1578104588720532,4.762854931691992e-05,9.416180056658646e-05,39.05740257740626
108.22677964250965,-2.791514745401413,-0.032648915461506466,27.604102600945453,-5.024324537648095,4.9764889357216066e-05,9.634857838517853e-05,56.53464788350931
107.97974293937678,-2.791514745401413,-0.4255208130053933,27.488908916049468,-3.3225301040543456,4.799064877401433e-05,0.00010242539751691916,31.042242523845122
107.78211357687049,-2.643292723521692,-0.41141991547402207,27.84874235788982,-3.4736646797921917,4.813654392315356e-05,0.0001044354619388988,37.88341850291979
108.12796496125651,-2.8903294266545605,-0.2073740787445578,27.50856223636208,-4.172134053707123,4.754942501178443e-05,8.62469100972139e-05,43.85030405587132
107.88092825812363,-2.8903294266545605,-0.36607933106463525,27.508095656500984,-3.2238932225439285,4.91108618687988e-05,9.17865243422811e-05,37.12922605165928
108.17737230188308,-2.8903294266545605,-0.08303305542396118,27.612574280632884,-5.0550930380821235,4.841221936729034e-05,6.663276354219625e-05,57.67821900974329
107.9303355987502,-2.5938853828951185,-0.3124411580051767,27.691380161709276,-3.608751756615109,4.7994657905278286e-05,0.00011210140626996762,37.100379940683055
107.83152091749706,-2.791514745401413,-0.4584549391482958,27.610878859625984,-3.089292392465803,4.8329559462438864e-05,8.658600032373723e-05,36.28736333795595
107.73270623624391,-2.791514745401413,-0.289551910812191,27.794016880459367,-3.0357476062244837,4.976485122728352e-05,9.34524079974007e-05,41.13276673826763
107.68329889561734,-2.6927000641482657,-0.20522989641038286,27.869185066223167,-2.957024461693234,4.87120168513314e-05,0.00011288654176155283,44.760194131665216
108.22677964250965,-2.6927000641482657,-0.18214683102650855,27.529986932542556,-4.985730652014416,4.860225793805414e-05,9.22499842164094e-05,49.466376342725596
108.07855762062994,-2.6927000641482657,-0.33528345004517596,27.602409892612172,-4.146882453229693,4.8078826451469464e-05,9.44423611025367e-05,38.091479680389256
108.17737230188308,-3.0385514485342813,-0.06144798536789395,27.630958069695396,-5.3182434015803866,4.696497757756957e-05,7.483849063537656e-05,55.69122512112195
107.78211357687049,-2.7421074047748393,-0.41186618602611735,27.695310825771855,-2.999875888559553,4.9116472940334216e-05,0.00011357995424308561,31.721010999515013
107.88092825812363,-2.9891441079077077,-0.309021667990693,27.57160748375793,-3.7028360936376785,4.8394360937941235e-05,8.551497450756217e-05,43.235806878728425
108.22677964250965,-2.840922086027987,-0.0379000991379849,27.604102600945453,-5.024324537648095,4.8151738966041475e-05,9.395586276867305e-05,55.1303085946064
107.88092825812363,-2.791514745401413,-0.4679425098836955,27.537121264139785,-3.2286200563112883,4.802509134229428e-05,9.595537362806485e-05,32.46312383916216
107.97974293937678,-2.939736767281134,-0.430832979455993,27.468303447299547,-3.4074801908599004,4.975307867144641e-05,6.037828727676393e-05,37.85506834474098
108.07855762062994,-3.0385514485342813,-0.11459037326270367,27.538360955980124,-4.650979946719276,4.945554277764228e-05,0.00010273672417241439,52.05603099279368
107.88092825812363,-2.7421074047748393,-0.4421456160202069,27.60504118601483,-3.1834045343928876,4.881620584750528e-05,0.00010408885941131377,33.47792479927283
107.73270623624391,-2.840922086027987,-0.29164033134323203,27.794016880459367,-3.0357476062244837,4.6295541116538076e-05,9.430473675639245e-05,41.222562633985326
107.78211357687049,-2.5938853828951185,-0.32631033538126836,27.84874235788982,-3.4736646797921917,4.8143036894773284e-05,0.00010773017434944008,40.667831863689415
107.78211357687049,-2.6927000641482657,-0.4303630558598673,27.695310825771855,-2.999875888559553,4.875098073259149e-05,0.00013775510916519737,35.40226423547193
107.9303355987502,-2.840922086027987,-0.4452998731345396,27.537121264139785,-3.2286200563112883,4.9391536147300725e-05,8.802451664774852e-05,32.07828570663159
108.12796496125651,-3.0385514485342813,-0.009685363334448227,27.538360955980124,-4.650979946719276,4.8863104334211e-05,6.709215798988773e-05,53.699578010732324
107.73270623624391,-2.7421074047748393,-0.33991523358395814,27.869185066223167,-2.957024461693234,4.865140657631262e-05,9.020063700022723e-05,34.67407834751457
107.9303355987502,-2.8903294266545605,-0.35101224405961434,27.508095656500984,-3.2238932225439285,5.1127540187556273e-05,9.408275707187376e-05,38.91217424909503
107.68329889561734,-2.8903294266545605,-0.3595238068629796,27.733743985494016,-3.2088656889067755,4.826917221648487e-05,9.31199011986659e-05,33.56145431478594
107.83152091749706,-2.7421074047748393,-0.4729610278981564,27.695310825771855,-2.999875888559553,4.804762916213366e-05,9.694511674968719e-05,30.45674388662127
108.07855762062994,-2.6927000641482657,-0.33528345004517596,27.602409892612172,-4.146882453229693,4.8078826451469464e-05,9.44423611025367e-05,34.107603055628125
107.68329889561734,-2.840922086027987,-0.32497123628687646,27.794016880459367,-3.0357476062244837,4.705288939527628e-05,9.291316338915924e-05,41.14238697103934
108.07855762062994,-2.840922086027987,-0.3427504630350727,27.565243551466267,-4.1746507366498316,4.8190988623048915e-05,9.906740625231119e-05,38.76606173141902
107.68329889561734,-2.9891441079077077,-0.44134955839189505,27.66619841257733,-3.6583333267105957,4.710088323399238e-05,8.807435764263893e-05,33.40913643391797
108.17737230188308,-2.791514745401413,-0.12636415288937783,27.604102600945453,-5.024324537648095,5.009661223442504e-05,0.00011407756797852852,50.48677712309479
107.97974293937678,-3.1867734704140025,0.027982733239041838,27.672383308410588,-5.844219964080387,4.829318166335243e-05,0.00011054309183052065,61.96873574178072
107.97974293937678,-2.6927000641482657,-0.3982735822360951,27.543911086188473,-3.3892327136463587,4.9537979233966365e-05,0.00010302165532120746,37.193787341064095
107.88092825812363,-2.643292723521692,-0.4351125145333872,27.691380161709276,-3.608751756615109,4.811893586106581e-05,9.024242927127916e-05,34.5962432381476
108.22677964250965,-2.8903294266545605,-0.13593003998296033,27.612574280632884,-5.0550930380821235,4.673506808559672e-05,5.195094404613056e-05,48.53601237373062
107.88092825812363,-2.643292723521692,-0.4351125145333872,27.691380161709276,-3.608751756615109,4.811893586106581e-05,9.024242927127916e-05,35.713241913272576
107.63389155499077,-3.0385514485342813,-0.3938650702840393,27.765433438619027,-4.0089016318321224,4.7036392912725584e-05,0.00011329136370219538,34.56667460864576
107.88092825812363,-2.840922086027987,-0.4067503006410104,27.537121264139785,-3.2286200563112883,4.8736108550951975e-05,0.00010505714257337319,33.986569245871934
107.88092825812363,-2.5938853828951185,-0.31124751775984094,27.691380161709276,-3.608751756615109,4.5826359516982094e-05,0.00012360391548141603,36.73655026099196
108.07855762062994,-3.0879587891608553,0.01670058422704254,27.661209805806607,-5.616752109262678,4.938233186519286e-05,8.479808027546422e-05,54.82209394310249
108.02915028000336,-3.1867734704140025,-0.1409372086286642,27.672383308410588,-5.844219964080387,4.794062553722649e-05,7.558133085929319e-05,54.64165535608828
108.12796496125651,-2.939736767281134,-0.13839606911815883,27.50856223636208,-4.172134053707123,4.8843666407896524e-05,9.039636588773693e-05,48.30918501784113
108.02915028000336,-2.9891441079077077,-0.3319141971073438,27.494977166917693,-3.8918043282296932,4.916808620701557e-05,0.00010058457626844054,38.18965638002491
108.02915028000336,-2.791514745401413,-0.4220144817556809,27.488908916049468,-3.3225301040543456,4.855381426085906e-05,0.00010827197315906662,32.78872313321191
108.22677964250965,-2.939736767281134,-0.11198879935511155,27.612574280632884,-5.0550930380821235,4.768283600947128e-05,6.714322857188466e-05,51.0756369113149
108.02915028000336,-3.0385514485342813,-0.20380908893896124,27.494977166917693,-3.8918043282296932,4.893273092418207e-05,0.00010190027924981908,44.943930781708026
107.63389155499077,-3.0385514485342813,-0.3938650702840393,27.765433438619027,-4.0089016318321224,4.7036392912725584e-05,0.00011329136370219538,39.22392360120809
108.22677964250965,-2.791514745401413,-0.032648915461506466,27.604102600945453,-5.024324537648095,4.9764889357216066e-05,9.634857838517853e-05,58.10051337602672
107.63389155499077,-2.9891441079077077,-0.3859460690839294,27.765433438619027,-4.0089016318321224,4.769532484766637e-05,8.678728451396037e-05,43.175793372234885
108.22677964250965,-2.791514745401413,-0.032648915461506466,27.604102600945453,-5.024324537648095,4.9764889357216066e-05,9.634857838517853e-05,54.95692653597107
107.68329889561734,-3.0385514485342813,-0.4340133337554923,27.66619841257733,-3.6583333267105957,4.766138017840386e-05,7.876023611302423e-05,33.17997129592941
108.17737230188308,-2.840922086027987,-0.11437063434946045,27.604102600945453,-5.024324537648095,4.916200789186982e-05,9.435694281064083e-05,51.10303925165982
107.9303355987502,-2.643292723521692,-0.40626775029213286,27.691380161709276,-3.608751756615109,4.853028956610756e-05,7.41262145508877e-05,38.61866633648143
107.73270623624391,-3.0879587891608553,-0.42954054187279606,27.689131355285667,-4.763786478837332,4.75490033497082e-05,8.072397483845766e-05,40.31483961507594
107.88092825812363,-3.0385514485342813,-0.2880919437096485,27.57160748375793,-3.7028360936376785,4.817142479250188e-05,7.22407558994354e-05,38.0059803612151
107.88092825812363,-2.6927000641482657,-0.43015225129514784,27.60504118601483,-3.1834045343928876,4.916193502333952e-05,9.675298910590742e-05,35.460797201857446
107.73270623624391,-2.643292723521692,-0.33553783643527235,27.99526199764682,-3.4650512629085117,4.892621545430213e-05,9.393673809136316e-05,44.43511400967705
107.68329889561734,-2.643292723521692,-0.23026498887164573,27.99526199764682,-3.4650512629085117,4.8848404127866795e-05,0.00010001568212337696,39.766667717088616
107.78211357687049,-3.0385514485342813,-0.4615642438939657,27.63817920684818,-3.659107116858164,4.5601204507744614e-05,8.102045417165648e-05,29.948203566175803
108.02915028000336,-3.0385514485342813,-0.20380908893896124,27.494977166917693,-3.8918043282296932,4.893273092418207e-05,0.00010190027924981908,52.32412496843749
108.07855762062994,-2.9891441079077077,-0.19518958958366245,27.538360955980124,-4.650979946719276,4.8785536010886956e-05,9.063524856696524e-05,52.891502589965086
107.78211357687049,-2.6927000641482657,-0.4303630558598673,27.695310825771855,-2.999875888559553,4.875098073259149e-05,0.00013775510916519737,26.945993670054534
107.97974293937678,-3.137366129787429,-0.11564038663172023,27.58075190650095,-4.7829223566585135,4.973112282260381e-05,9.779701630556918e-05,46.745537714416265
108.07855762062994,-2.791514745401413,-0.39007418516938863,27.565243551466267,-4.1746507366498316,4.808427002155477e-05,9.642384976062991e-05,42.16156876911306
107.83152091749706,-2.8903294266545605,-0.33182345280476633,27.597914992438405,-3.1578104588720532,4.76041324902005e-05,8.239282619024163e-05,37.20113998011267
107.68329889561734,-3.0385514485342813,-0.4340133337554923,27.66619841257733,-3.6583333267105957,4.766138017840386e-05,7.876023611302423e-05,31.82211497360685
107.68329889561734,-2.840922086027987,-0.32497123628687646,27.794016880459367,-3.0357476062244837,4.705288939527628e-05,9.291316338915924e-05,39.00668544316554
107.97974293937678,-2.8903294266545605,-0.41815007321591136,27.468303447299547,-3.4074801908599004,4.930897544157348e-05,8.886745573782487e-05,31.2303731643733
107.88092825812363,-2.6927000641482657,-0.43015225129514784,27.60504118601483,-3.1834045343928876,4.916193502333952e-05,9.675298910590742e-05,33.30386239088376
107.9303355987502,-2.840922086027987,-0.4452998731345396,27.537121264139785,-3.2286200563112883,4.9391536147300725e-05,8.802451664774852e-05,37.680328689626585
108.07855762062994,-2.7421074047748393,-0.3772197575270377,27.602409892612172,-4.146882453229693,4.77325837207461e-05,8.163276068387882e-05,43.53153052286793
108.07855762062994,-3.137366129787429,-0.06478283589714379,27.661209805806607,-5.616752109262678,4.61680700624862e-05,7.355536567892328e-05,57.80033294351792
108.12796496125651,-2.791514745401413,-0.2909988123015262,27.565243551466267,-4.1746507366498316,4.874994184429853e-05,0.00010032169185547003,45.16443681032413
107.78211357687049,-3.0385514485342813,-0.4615642438939657,27.63817920684818,-3.659107116858164,4.5601204507744614e-05,8.102045417165648e-05,30.90202548855204
107.88092825812363,-2.5938853828951185,-0.31124751775984094,27.691380161709276,-3.608751756615109,4.5826359516982094e-05,0.00012360391548141603,33.66314077829531
107.78211357687049,-2.939736767281134,-0.34684670019660907,27.597914992438405,-3.1578104588720532,4.762854931691992e-05,9.416180056658646e-05,35.9793992687907
107.78211357687049,-2.643292723521692,-0.41141991547402207,27.84874235788982,-3.4736646797921917,4.813654392315356e-05,0.0001044354619388988,34.10708627032449
107.97974293937678,-2.939736767281134,-0.430832979455993,27.468303447299547,-3.4074801908599004,4.975307867144641e-05,6.037828727676393e-05,35.953191435409764
107.97974293937678,-2.8903294266545605,-0.41815007321591136,27.468303447299547,-3.4074801908599004,4.930897544157348e-05,8.886745573782487e-05,33.2663819295034
108.02915028000336,-2.8903294266545605,-0.39895663535501336,27.468303447299547,-3.4074801908599004,4.834884338132377e-05,7.537974315456681e-05,39.198895801257095
107.88092825812363,-2.6927000641482657,-0.43015225129514784,27.60504118601483,-3.1834045343928876,4.916193502333952e-05,9.675298910590742e-05,32.54713786096917
108.07855762062994,-2.9891441079077077,-0.19518958958366245,27.538360955980124,-4.650979946719276,4.8785536010886956e-05,9.063524856696524e-05,45.4276814390343
108.02915028000336,-3.0879587891608553,-0.11104994810990217,27.58075190650095,-4.7829223566585135,4.86843547911007e-05,7.57912337169153e-05,57.82295791938491
107.88092825812363,-2.643292723521692,-0.4351125145333872,27.691380161709276,-3.608751756615109,4.811893586106581e-05,9.024242927127916e-05,39.307860304409694
108.02915028000336,-2.791514745401413,-0.4220144817556809,27.488908916049468,-3.3225301040543456,4.855381426085906e-05,0.00010827197315906662,32.27178320382842
108.17737230188308,-2.8903294266545605,-0.08303305542396118,27.612574280632884,-5.0550930380821235,4.841221936729034e-05,6.663276354219625e-05,53.633120343765
107.68329889561734,-2.8903294266545605,-0.3595238068629796,27.733743985494016,-3.2088656889067755,4.826917221648487e-05,9.31199011986659e-05,40.09189151895546
107.73270623624391,-2.643292723521692,-0.33553783643527235,27.99526199764682,-3.4650512629085117,4.892621545430213e-05,9.393673809136316e-05,36.83088739050731
107.88092825812363,-2.791514745401413,-0.4679425098836955,27.537121264139785,-3.2286200563112883,4.802509134229428e-05,9.595537362806485e-05,29.56057207804139
108.12796496125651,-2.939736767281134,-0.13839606911815883,27.50856223636208,-4.172134053707123,4.8843666407896524e-05,9.039636588773693e-05,49.475478286253036
108.07855762062994,-2.8903294266545605,-0.3355533065707322,27.50856223636208,-4.172134053707123,4.8166274882847915e-05,9.27350832390638e-05,40.23087296318884
107.63389155499077,-2.8903294266545605,-0.3747148240870956,27.91895720163984,-3.75719196928872,4.928930526724701e-05,0.00010473748041992461,40.536552938727716
107.9303355987502,-2.643292723521692,-0.40626775029213286,27.691380161709276,-3.608751756615109,4.853028956610756e-05,7.41262145508877e-05,34.40901003804162
107.78211357687049,-2.643292723521692,-0.41141991547402207,27.84874235788982,-3.4736646797921917,4.813654392315356e-05,0.0001044354619388988,33.991255361045454
108.22677964250965,-2.939736767281134,-0.11198879935511155,27.612574280632884,-5.0550930380821235,4.768283600947128e-05,6.714322857188466e-05,45.95957071718938
107.63389155499077,-2.8903294266545605,-0.3747148240870956,27.91895720163984,-3.75719196928872,4.928930526724701e-05,0.00010473748041992461,34.227904093913445
107.83152091749706,-2.6927000641482657,-0.46098216130347874,27.695310825771855,-2.999875888559553,4.8585860436476636e-05,9.423237734053729e-05,33.668061922188635
107.68329889561734,-3.0385514485342813,-0.4340133337554923,27.66619841257733,-3.6583333267105957,4.766138017840386e-05,7.876023611302423e-05,25.95536531371871
107.78211357687049,-2.7421074047748393,-0.41186618602611735,27.695310825771855,-2.999875888559553,4.9116472940334216e-05,0.00011357995424308561,35.82250411164423
107.9303355987502,-2.5938853828951185,-0.3124411580051767,27.691380161709276,-3.608751756615109,4.7994657905278286e-05,0.00011210140626996762,36.31646200560449
107.73270623624391,-2.791514745401413,-0.289551910812191,27.794016880459367,-3.0357476062244837,4.976485122728352e-05,9.34524079974007e-05,38.886784358839876
107.88092825812363,-2.643292723521692,-0.4351125145333872,27.691380161709276,-3.608751756615109,4.811893586106581e-05,9.024242927127916e-05,36.75261840057422
108.12796496125651,-2.8903294266545605,-0.2073740787445578,27.50856223636208,-4.172134053707123,4.754942501178443e-05,8.62469100972139e-05,43.83888360215064
107.73270623624391,-2.6927000641482657,-0.356015038818812,27.869185066223167,-2.957024461693234,4.8331679389572095e-05,0.00011212405058535359,41.553337483510255
108.02915028000336,-2.6927000641482657,-0.35675790619175823,27.543911086188473,-3.3892327136463587,4.9130927790215144e-05,0.00011029786077037129,38.05318722109172
108.17737230188308,-2.8903294266545605,-0.08303305542396118,27.612574280632884,-5.0550930380821235,4.841221936729034e-05,6.663276354219625e-05,54.56612585189055
108.07855762062994,-2.7421074047748393,-0.3772197575270377,27.602409892612172,-4.146882453229693,4.77325837207461e-05,8.163276068387882e-05,39.23561570179285
108.07855762062994,-2.840922086027987,-0.3427504630350727,27.565243551466267,-4.1746507366498316,4.8190988623048915e-05,9.906740625231119e-05,41.02880539454666
107.9303355987502,-2.791514745401413,-0.4527574133376647,27.537121264139785,-3.2286200563112883,4.8604789553424876e-05,9.69524370513828e-05,35.94310453606079
107.73270623624391,-2.840922086027987,-0.29164033134323203,27.794016880459367,-3.0357476062244837,4.6295541116538076e-05,9.430473675639245e-05,35.640347026301015
107.83152091749706,-2.6927000641482657,-0.46098216130347874,27.695310825771855,-2.999875888559553,4.8585860436476636e-05,9.423237734053729e-05,31.19716349040799
107.63389155499077,-2.840922086027987,-0.4078932931700579,27.948316468132873,-3.301089810000525,4.6220529400802006e-05,8.00798693757437e-05,34.947782423213496
108.02915028000336,-2.6927000641482657,-0.35675790619175823,27.543911086188473,-3.3892327136463587,4.9130927790215144e-05,0.00011029786077037129,36.902359905217956
107.97974293937678,-3.1867734704140025,0.027982733239041838,27.672383308410588,-5.844219964080387,4.829318166335243e-05,0.00011054309183052065,60.92728709052432
107.63389155499077,-2.8903294266545605,-0.3747148240870956,27.91895720163984,-3.75719196928872,4.928930526724701e-05,0.00010473748041992461,37.263965048786254
108.02915028000336,-2.9891441079077077,-0.3319141971073438,27.494977166917693,-3.8918043282296932,4.916808620701557e-05,0.00010058457626844054,38.424838655579556
108.17737230188308,-3.0385514485342813,-0.06144798536789395,27.630958069695396,-5.3182434015803866,4.696497757756957e-05,7.483849063537656e-05,52.98248846626183
107.78211357687049,-2.840922086027987,-0.2816843816187077,27.610878859625984,-3.089292392465803,4.660727525208673e-05,8.617857097495212e-05,41.74359020725903
107.9303355987502,-2.8903294266545605,-0.35101224405961434,27.508095656500984,-3.2238932225439285,5.1127540187556273e-05,9.408275707187376e-05,41.93563360027421
108.07855762062994,-2.791514745401413,-0.39007418516938863,27.565243551466267,-4.1746507366498316,4.808427002155477e-05,9.642384976062991e-05,34.91065233848187
108.07855762062994,-2.8903294266545605,-0.3355533065707322,27.50856223636208,-4.172134053707123,4.8166274882847915e-05,9.27350832390638e-05,41.84566908166563
108.17737230188308,-2.9891441079077077,-0.12184632180145916,27.630958069695396,-5.3182434015803866,4.8465273559610454e-05,6.303404275145379e-05,58.30561441029879
108.07855762062994,-2.8903294266545605,-0.3355533065707322,27.50856223636208,-4.172134053707123,4.8166274882847915e-05,9.27350832390638e-05,34.80755991199367
107.88092825812363,-2.9891441079077077,-0.309021667990693,27.57160748375793,-3.7028360936376785,4.8394360937941235e-05,8.551497450756217e-05,39.72603262600012
107.68329889561734,-3.137366129787429,-0.3705661924878288,27.689131355285667,-4.763786478837332,4.8173903592636865e-05,0.00010955056013132482,36.042469339586255
108.12796496125651,-3.137366129787429,-0.044738533233301826,27.661209805806607,-5.616752109262678,4.733684892285098e-05,8.748523716325017e-05,59.95542354633316
108.02915028000336,-2.8903294266545605,-0.39895663535501336,27.468303447299547,-3.4074801908599004,4.834884338132377e-05,7.537974315456681e-05,43.1643772650907
107.83152091749706,-2.643292723521692,-0.43552831726355035,27.84874235788982,-3.4736646797921917,4.6743000988272604e-05,0.00010023389042684796,32.791410863440895
107.9303355987502,-2.7421074047748393,-0.42822803011948335,27.60504118601483,-3.1834045343928876,4.885963486141854e-05,0.0001156889696610161,35.28994533471887
107.88092825812363,-2.6927000641482657,-0.43015225129514784,27.60504118601483,-3.1834045343928876,4.916193502333952e-05,9.675298910590742e-05,32.03384532026765
107.83152091749706,-2.9891441079077077,-0.3140361856051047,27.63817920684818,-3.659107116858164,4.9197571388959405e-05,7.592653322462991e-05,37.92404608745308
108.17737230188308,-2.8903294266545605,-0.08303305542396118,27.612574280632884,-5.0550930380821235,4.841221936729034e-05,6.663276354219625e-05,55.28367907935408
108.02915028000336,-3.0879587891608553,-0.11104994810990217,27.58075190650095,-4.7829223566585135,4.86843547911007e-05,7.57912337169153e-05,51.14460564862258
107.97974293937678,-3.0879587891608553,-0.23785258990052388,27.58075190650095,-4.7829223566585135,4.775117604238648e-05,7.046715866194184e-05,44.21406592360187
107.83152091749706,-2.7421074047748393,-0.4729610278981564,27.695310825771855,-2.999875888559553,4.804762916213366e-05,9.694511674968719e-05,35.016543601287566
108.02915028000336,-2.9891441079077077,-0.3319141971073438,27.494977166917693,-3.8918043282296932,4.916808620701557e-05,0.00010058457626844054,44.9304874841057
107.88092825812363,-2.8903294266545605,-0.36607933106463525,27.508095656500984,-3.2238932225439285,4.91108618687988e-05,9.17865243422811e-05,37.15624270694752
108.02915028000336,-2.791514745401413,-0.4220144817556809,27.488908916049468,-3.3225301040543456,4.855381426085906e-05,0.00010827197315906662,37.98033561140799
108.07855762062994,-2.8903294266545605,-0.3355533065707322,27.50856223636208,-4.172134053707123,4.8166274882847915e-05,9.27350832390638e-05,39.17657686176481
108.02915028000336,-2.840922086027987,-0.40861316314232193,27.488908916049468,-3.3225301040543456,4.7690577555877885e-05,9.693521486181346e-05,36.346458544397336
107.83152091749706,-2.5938853828951185,-0.35375918146742397,27.84874235788982,-3.4736646797921917,4.5191414826848654e-05,0.00011249548034868943,40.30441090481921
107.88092825812363,-2.643292723521692,-0.4351125145333872,27.691380161709276,-3.608751756615109,4.811893586106581e-05,9.024242927127916e-05,32.659083350692065
107.83152091749706,-2.840922086027987,-0.3318141689664724,27.610878859625984,-3.089292392465803,4.9312149276667435e-05,8.699116593123183e-05,32.94010604871043
108.02915028000336,-2.791514745401413,-0.4220144817556809,27.488908916049468,-3.3225301040543456,4.855381426085906e-05,0.00010827197315906662,37.86384643704616
108.17737230188308,-2.939736767281134,-0.10393900447109819,27.612574280632884,-5.0550930380821235,4.77628219377554e-05,7.476732508624468e-05,51.809965339616895
107.78211357687049,-3.0879587891608553,-0.47912465028463175,27.67650928497318,-4.717574049366846,4.8103198935456836e-05,8.107377663056776e-05,38.680949509540056
107.83152091749706,-2.643292723521692,-0.43552831726355035,27.84874235788982,-3.4736646797921917,4.6743000988272604e-05,0.00010023389042684796,31.488157964723076
107.9303355987502,-3.0879587891608553,-0.28296280535286294,27.608754836188382,-4.2812154067887205,4.831175703865063e-05,6.563366147259047e-05,43.309957264402584
107.73270623624391,-2.791514745401413,-0.289551910812191,27.794016880459367,-3.0357476062244837,4.976485122728352e-05,9.34524079974007e-05,45.03453871622164
107.9303355987502,-2.939736767281134,-0.3639268749296805,27.508095656500984,-3.2238932225439285,5.001086007369985e-05,8.565611193288356e-05,36.015208098216476
108.02915028000336,-3.0879587891608553,-0.11104994810990217,27.58075190650095,-4.7829223566585135,4.86843547911007e-05,7.57912337169153e-05,47.28943396726715
107.97974293937678,-2.8903294266545605,-0.41815007321591136,27.468303447299547,-3.4074801908599004,4.930897544157348e-05,8.886745573782487e-05,38.604698493852794
108.07855762062994,-2.791514745401413,-0.39007418516938863,27.565243551466267,-4.1746507366498316,4.808427002155477e-05,9.642384976062991e-05,39.9698963828527
107.83152091749706,-2.643292723521692,-0.43552831726355035,27.84874235788982,-3.4736646797921917,4.6743000988272604e-05,0.00010023389042684796,30.789683649739782
108.02915028000336,-3.0879587891608553,-0.11104994810990217,27.58075190650095,-4.7829223566585135,4.86843547911007e-05,7.57912337169153e-05,50.78683676465298
107.78211357687049,-2.8903294266545605,-0.3532757383481807,27.597914992438405,-3.1578104588720532,4.793099783635255e-05,0.00010820323076488933,43.30315469102049
107.97974293937678,-2.8903294266545605,-0.41815007321591136,27.468303447299547,-3.4074801908599004,4.930897544157348e-05,8.886745573782487e-05,28.685005001989143
107.68329889561734,-2.6927000641482657,-0.20522989641038286,27.869185066223167,-2.957024461693234,4.87120168513314e-05,0.00011288654176155283,47.65399706226127
107.73270623624391,-3.0879587891608553,-0.42954054187279606,27.689131355285667,-4.763786478837332,4.75490033497082e-05,8.072397483845766e-05,39.00787806794887
107.83152091749706,-2.7421074047748393,-0.4729610278981564,27.695310825771855,-2.999875888559553,4.804762916213366e-05,9.694511674968719e-05,31.079611887866466
108.12796496125651,-2.939736767281134,-0.13839606911815883,27.50856223636208,-4.172134053707123,4.8843666407896524e-05,9.039636588773693e-05,45.85014645778252
107.9303355987502,-2.9891441079077077,-0.3172846986812468,27.57160748375793,-3.7028360936376785,4.879552800471437e-05,7.917584601790513e-05,40.86910450806139
107.78211357687049,-2.791514745401413,-0.3619481713187156,27.610878859625984,-3.089292392465803,4.9141095994569575e-05,9.48074055819226e-05,30.927004119420484
107.83152091749706,-2.9891441079077077,-0.3140361856051047,27.63817920684818,-3.659107116858164,4.9197571388959405e-05,7.592653322462991e-05,42.73381223920623
108.07855762062994,-3.0385514485342813,-0.11459037326270367,27.538360955980124,-4.650979946719276,4.945554277764228e-05,0.00010273672417241439,48.97336825852846
107.68329889561734,-3.137366129787429,-0.3705661924878288,27.689131355285667,-4.763786478837332,4.8173903592636865e-05,0.00010955056013132482,39.85942655901848
107.63389155499077,-2.791514745401413,-0.20479654864355498,27.948316468132873,-3.301089810000525,4.6722153140137945e-05,8.298810413113266e-05,43.03309027549715
108.22677964250965,-2.8903294266545605,-0.13593003998296033,27.612574280632884,-5.0550930380821235,4.673506808559672e-05,5.195094404613056e-05,50.9754292827708
108.07855762062994,-3.0879587891608553,0.01670058422704254,27.661209805806607,-5.616752109262678,4.938233186519286e-05,8.479808027546422e-05,63.55571864329563
107.73270623624391,-3.0879587891608553,-0.42954054187279606,27.689131355285667,-4.763786478837332,4.75490033497082e-05,8.072397483845766e-05,42.458107247193155
107.78211357687049,-3.137366129787429,-0.4777579416802956,27.67650928497318,-4.717574049366846,4.958693686965571e-05,0.00010960072897527311,39.68847683187339
107.9303355987502,-3.137366129787429,-0.04709660653083225,27.608754836188382,-4.2812154067887205,5.028781554378822e-05,9.240614542488119e-05,56.030469097568854
108.22677964250965,-2.8903294266545605,-0.13593003998296033,27.612574280632884,-5.0550930380821235,4.673506808559672e-05,5.195094404613056e-05,46.7378201695069
107.63389155499077,-2.840922086027987,-0.4078932931700579,27.948316468132873,-3.301089810000525,4.6220529400802006e-05,8.00798693757437e-05,33.34156438658239
107.73270623624391,-2.791514745401413,-0.289551910812191,27.794016880459367,-3.0357476062244837,4.976485122728352e-05,9.34524079974007e-05,40.31284853499837
107.78211357687049,-2.9891441079077077,-0.41826397530252835,27.63817920684818,-3.659107116858164,4.739313243180136e-05,9.89302313449252e-05,36.730213954016456
108.02915028000336,-2.7421074047748393,-0.38691603564187754,27.543911086188473,-3.3892327136463587,4.779647824888141e-05,0.00010562377110629476,33.51767198474619
107.78211357687049,-3.0879587891608553,-0.47912465028463175,27.67650928497318,-4.717574049366846,4.8103198935456836e-05,8.107377663056776e-05,28.69877479492262
107.5844842143642,-3.0385514485342813,-0.2529134935980045,27.765433438619027,-4.0089016318321224,4.74201207780197e-05,8.32284520942437e-05,40.08521256447678
107.73270623624391,-3.0385514485342813,-0.4606348298337623,27.66619841257733,-3.6583333267105957,4.5195982912867034e-05,7.318069274191657e-05,31.026222759042728
108.22677964250965,-2.791514745401413,-0.032648915461506466,27.604102600945453,-5.024324537648095,4.9764889357216066e-05,9.634857838517853e-05,61.741893649916136
107.83152091749706,-2.8903294266545605,-0.33182345280476633,27.597914992438405,-3.1578104588720532,4.76041324902005e-05,8.239282619024163e-05,41.86229487567399
107.97974293937678,-2.939736767281134,-0.430832979455993,27.468303447299547,-3.4074801908599004,4.975307867144641e-05,6.037828727676393e-05,32.64209306818648
107.73270623624391,-2.5938853828951185,-0.30189156017546487,27.99526199764682,-3.4650512629085117,4.959619807928132e-05,0.0001101668189700772,40.97546215225361
107.83152091749706,-3.0385514485342813,-0.3365841179361083,27.63817920684818,-3.659107116858164,4.756096459311967e-05,5.707278309291875e-05,39.12007449995107
108.22677964250965,-2.939736767281134,-0.11198879935511155,27.612574280632884,-5.0550930380821235,4.768283600947128e-05,6.714322857188466e-05,55.19928556979169
108.02915028000336,-2.7421074047748393,-0.38691603564187754,27.543911086188473,-3.3892327136463587,4.779647824888141e-05,0.00010562377110629476,31.683451802850655
108.07855762062994,-2.840922086027987,-0.3427504630350727,27.565243551466267,-4.1746507366498316,4.8190988623048915e-05,9.906740625231119e-05,42.62878876484094
107.88092825812363,-2.8903294266545605,-0.36607933106463525,27.508095656500984,-3.2238932225439285,4.91108618687988e-05,9.17865243422811e-05,36.88886959606273
107.63389155499077,-2.9891441079077077,-0.3859460690839294,27.765433438619027,-4.0089016318321224,4.769532484766637e-05,8.678728451396037e-05,33.56255207248139
107.63389155499077,-2.9891441079077077,-0.3859460690839294,27.765433438619027,-4.0089016318321224,4.769532484766637e-05,8.678728451396037e-05,36.060354136403326
107.63389155499077,-3.0385514485342813,-0.3938650702840393,27.765433438619027,-4.0089016318321224,4.7036392912725584e-05,0.00011329136370219538,36.819278415391345
108.17737230188308,-2.8903294266545605,-0.08303305542396118,27.612574280632884,-5.0550930380821235,4.841221936729034e-05,6.663276354219625e-05,51.749029628540235
108.17737230188308,-3.0385514485342813,-0.06144798536789395,27.630958069695396,-5.3182434015803866,4.696497757756957e-05,7.483849063537656e-05,56.78504363608442
107.97974293937678,-2.791514745401413,-0.4255208130053933,27.488908916049468,-3.3225301040543456,4.799064877401433e-05,0.00010242539751691916,33.09730761507671
107.97974293937678,-2.791514745401413,-0.4255208130053933,27.488908916049468,-3.3225301040543456,4.799064877401433e-05,0.00010242539751691916,34.654950664929565
108.12796496125651,-2.840922086027987,-0.2660473447644401,27.565243551466267,-4.1746507366498316,4.893983807436539e-05,0.0001147453355499387,48.37795460189183
107.78211357687049,-2.6927000641482657,-0.4303630558598673,27.695310825771855,-2.999875888559553,4.875098073259149e-05,0.00013775510916519737,35.251368115044286
108.17737230188308,-2.6927000641482657,-0.2747595402451654,27.529986932542556,-4.985730652014416,4.7060133435067195e-05,9.696160127390406e-05,43.900836277487315
108.02915028000336,-3.137366129787429,-0.0852512869622884,27.58075190650095,-4.7829223566585135,4.736513870762523e-05,7.608160887753227e-05,51.76828685559212
107.88092825812363,-3.0385514485342813,-0.2880919437096485,27.57160748375793,-3.7028360936376785,4.817142479250188e-05,7.22407558994354e-05,39.30299662465177
107.68329889561734,-2.791514745401413,-0.2640259919382026,27.794016880459367,-3.0357476062244837,4.795147810335047e-05,0.00010616097769112424,41.96562217245361
107.97974293937678,-2.791514745401413,-0.4255208130053933,27.488908916049468,-3.3225301040543456,4.799064877401433e-05,0.00010242539751691916,32.58081110298086
108.07855762062994,-2.939736767281134,-0.27137226361626426,27.50856223636208,-4.172134053707123,4.848645279534163e-05,0.00010175934473552439,43.745288604331584
108.02915028000336,-2.9891441079077077,-0.3319141971073438,27.494977166917693,-3.8918043282296932,4.916808620701557e-05,0.00010058457626844054,38.76167510041967
107.83152091749706,-3.137366129787429,-0.27832578515206396,27.67650928497318,-4.717574049366846,4.982843166998001e-05,0.00010944433212219086,43.38270230431077
108.22677964250965,-2.9891441079077077,-0.08187715086021385,27.630958069695396,-5.3182434015803866,4.742934278643248e-05,7.186429048987754e-05,51.50982915630406
107.97974293937678,-3.137366129787429,-0.11564038663172023,27.58075190650095,-4.7829223566585135,4.973112282260381e-05,9.779701630556918e-05,50.85573887217408
107.73270623624391,-2.7421074047748393,-0.33991523358395814,27.869185066223167,-2.957024461693234,4.865140657631262e-05,9.020063700022723e-05,36.18275725876758
107.78211357687049,-3.0879587891608553,-0.47912465028463175,27.67650928497318,-4.717574049366846,4.8103198935456836e-05,8.107377663056776e-05,30.365931012463665
107.78211357687049,-3.137366129787429,-0.4777579416802956,27.67650928497318,-4.717574049366846,4.958693686965571e-05,0.00010960072897527311,44.413520792449475
108.22677964250965,-2.840922086027987,-0.0379000991379849,27.604102600945453,-5.024324537648095,4.8151738966041475e-05,9.395586276867305e-05,53.458930433528906
108.22677964250965,-2.8903294266545605,-0.13593003998296033,27.612574280632884,-5.0550930380821235,4.673506808559672e-05,5.195094404613056e-05,54.79823289769589
107.78211357687049,-3.137366129787429,-0.4777579416802956,27.67650928497318,-4.717574049366846,4.958693686965571e-05,0.00010960072897527311,37.71117291719806
108.07855762062994,-2.840922086027987,-0.3427504630350727,27.565243551466267,-4.1746507366498316,4.8190988623048915e-05,9.906740625231119e-05,37.94580916766246
107.78211357687049,-2.939736767281134,-0.34684670019660907,27.597914992438405,-3.1578104588720532,4.762854931691992e-05,9.416180056658646e-05,43.404859985330724
108.02915028000336,-2.7421074047748393,-0.38691603564187754,27.543911086188473,-3.3892327136463587,4.779647824888141e-05,0.00010562377110629476,34.899093403441036
107.83152091749706,-3.0879587891608553,-0.37989181521737436,27.67650928497318,-4.717574049366846,4.7312745970830677e-05,7.482217073394442e-05,36.29322085700106
107.83152091749706,-2.7421074047748393,-0.4729610278981564,27.695310825771855,-2.999875888559553,4.804762916213366e-05,9.694511674968719e-05,34.9631895052699
107.88092825812363,-2.643292723521692,-0.4351125145333872,27.691380161709276,-3.608751756615109,4.811893586106581e-05,9.024242927127916e-05,34.23979484103599
108.12796496125651,-2.6927000641482657,-0.2830993003622582,27.602409892612172,-4.146882453229693,4.664090918078074e-05,7.996225967966509e-05,34.724443199440216
107.63389155499077,-2.791514745401413,-0.20479654864355498,27.948316468132873,-3.301089810000525,4.6722153140137945e-05,8.298810413113266e-05,46.02536571156308
107.73270623624391,-3.0879587891608553,-0.42954054187279606,27.689131355285667,-4.763786478837332,4.75490033497082e-05,8.072397483845766e-05,34.71148791533646
107.68329889561734,-3.0385514485342813,-0.4340133337554923,27.66619841257733,-3.6583333267105957,4.766138017840386e-05,7.876023611302423e-05,33.932887464794604
108.07855762062994,-3.137366129787429,-0.06478283589714379,27.661209805806607,-5.616752109262678,4.61680700624862e-05,7.355536567892328e-05,47.04194744625615
108.02915028000336,-2.840922086027987,-0.40861316314232193,27.488908916049468,-3.3225301040543456,4.7690577555877885e-05,9.693521486181346e-05,36.7433210106454
107.9303355987502,-3.0385514485342813,-0.29569092233645106,27.57160748375793,-3.7028360936376785,4.852798563535983e-05,7.00381611499024e-05,41.25443370991547
108.07855762062994,-3.137366129787429,-0.06478283589714379,27.661209805806607,-5.616752109262678,4.61680700624862e-05,7.355536567892328e-05,51.10199488100498
107.68329889561734,-2.840922086027987,-0.32497123628687646,27.794016880459367,-3.0357476062244837,4.705288939527628e-05,9.291316338915924e-05,40.63912565679705
107.97974293937678,-3.236180811040576,-0.012028857488942401,27.672383308410588,-5.844219964080387,4.6916712999645974e-05,9.78238044911403e-05,57.22123062523
107.9303355987502,-2.643292723521692,-0.40626775029213286,27.691380161709276,-3.608751756615109,4.853028956610756e-05,7.41262145508877e-05,35.18892391497214
107.9303355987502,-2.939736767281134,-0.3639268749296805,27.508095656500984,-3.2238932225439285,5.001086007369985e-05,8.565611193288356e-05,40.3519285462357
107.9303355987502,-3.0879587891608553,-0.28296280535286294,27.608754836188382,-4.2812154067887205,4.831175703865063e-05,6.563366147259047e-05,40.31240476789929
107.68329889561734,-2.7421074047748393,-0.21221168488698045,27.869185066223167,-2.957024461693234,4.892175032982711e-05,0.00011640992104160524,48.66633397787457
108.07855762062994,-3.0879587891608553,0.01670058422704254,27.661209805806607,-5.616752109262678,4.938233186519286e-05,8.479808027546422e-05,57.879509806884315
107.88092825812363,-2.6927000641482657,-0.43015225129514784,27.60504118601483,-3.1834045343928876,4.916193502333952e-05,9.675298910590742e-05,37.79702289944784
108.12796496125651,-2.6927000641482657,-0.2830993003622582,27.602409892612172,-4.146882453229693,4.664090918078074e-05,7.996225967966509e-05,44.77460221572128
107.63389155499077,-2.9891441079077077,-0.3859460690839294,27.765433438619027,-4.0089016318321224,4.769532484766637e-05,8.678728451396037e-05,36.48628103416722
108.07855762062994,-2.939736767281134,-0.27137226361626426,27.50856223636208,-4.172134053707123,4.848645279534163e-05,0.00010175934473552439,38.9933591690887
108.12796496125651,-2.9891441079077077,-0.06258198724925669,27.538360955980124,-4.650979946719276,4.878703719494774e-05,7.884245632153908e-05,61.14464881482662
107.9303355987502,-2.8903294266545605,-0.35101224405961434,27.508095656500984,-3.2238932225439285,5.1127540187556273e-05,9.408275707187376e-05,38.19094051404917
108.07855762062994,-2.8903294266545605,-0.3355533065707322,27.50856223636208,-4.172134053707123,4.8166274882847915e-05,9.27350832390638e-05,37.04362234099551
107.68329889561734,-2.791514745401413,-0.2640259919382026,27.794016880459367,-3.0357476062244837,4.795147810335047e-05,0.00010616097769112424,41.05516285443524
107.9303355987502,-2.6927000641482657,-0.42748612915578416,27.60504118601483,-3.1834045343928876,4.960556231112287e-05,9.331415388272486e-05,35.30126074948017
108.07855762062994,-3.0879587891608553,0.01670058422704254,27.661209805806607,-5.616752109262678,4.938233186519286e-05,8.479808027546422e-05,62.496899520447435
107.88092825812363,-2.939736767281134,-0.3736632736448856,27.508095656500984,-3.2238932225439285,4.94632365558259e-05,8.708089417421842e-05,37.25590125200871
107.73270623624391,-2.5938853828951185,-0.30189156017546487,27.99526199764682,-3.4650512629085117,4.959619807928132e-05,0.0001101668189700772,41.38285335988394
108.17737230188308,-2.6927000641482657,-0.2747595402451654,27.529986932542556,-4.985730652014416,4.7060133435067195e-05,9.696160127390406e-05,42.311715359410684
108.02915028000336,-2.840922086027987,-0.40861316314232193,27.488908916049468,-3.3225301040543456,4.7690577555877885e-05,9.693521486181346e-05,30.881152186390572
107.97974293937678,-3.236180811040576,-0.012028857488942401,27.672383308410588,-5.844219964080387,4.6916712999645974e-05,9.78238044911403e-05,47.87585699855685
107.97974293937678,-3.0385514485342813,-0.30029459154701316,27.494977166917693,-3.8918043282296932,4.939269538983334e-05,7.034632409843724e-05,43.37800458171468
107.63389155499077,-3.0385514485342813,-0.3938650702840393,27.765433438619027,-4.0089016318321224,4.7036392912725584e-05,0.00011329136370219538,39.15614381282664
108.07855762062994,-3.0385514485342813,-0.11459037326270367,27.538360955980124,-4.650979946719276,4.945554277764228e-05,0.00010273672417241439,52.86315254342816
108.17737230188308,-2.9891441079077077,-0.12184632180145916,27.630958069695396,-5.3182434015803866,4.8465273559610454e-05,6.303404275145379e-05,50.74402803498048
108.22677964250965,-2.939736767281134,-0.11198879935511155,27.612574280632884,-5.0550930380821235,4.768283600947128e-05,6.714322857188466e-05,47.00378259693771
107.9303355987502,-2.9891441079077077,-0.3172846986812468,27.57160748375793,-3.7028360936376785,4.879552800471437e-05,7.917584601790513e-05,36.24650336554603
108.12796496125651,-2.939736767281134,-0.13839606911815883,27.50856223636208,-4.172134053707123,4.8843666407896524e-05,9.039636588773693e-05,52.44911808388971
107.88092825812363,-3.0879587891608553,-0.25088718361063517,27.608754836188382,-4.2812154067887205,4.8775665234686963e-05,6.484860911414898e-05,46.402706516384995
108.12796496125651,-3.137366129787429,-0.044738533233301826,27.661209805806607,-5.616752109262678,4.733684892285098e-05,8.748523716325017e-05,53.82155846050902
108.02915028000336,-2.791514745401413,-0.4220144817556809,27.488908916049468,-3.3225301040543456,4.855381426085906e-05,0.00010827197315906662,38.79908840859301
108.12796496125651,-2.840922086027987,-0.2660473447644401,27.565243551466267,-4.1746507366498316,4.893983807436539e-05,0.0001147453355499387,48.137095093476304
107.68329889561734,-2.8903294266545605,-0.3595238068629796,27.733743985494016,-3.2088656889067755,4.826917221648487e-05,9.31199011986659e-05,37.2184329421279
108.07855762062994,-3.0385514485342813,-0.11459037326270367,27.538360955980124,-4.650979946719276,4.945554277764228e-05,0.00010273672417241439,50.102661750334896
108.07855762062994,-2.840922086027987,-0.3427504630350727,27.565243551466267,-4.1746507366498316,4.8190988623048915e-05,9.906740625231119e-05,37.04262768393102
107.88092825812363,-2.840922086027987,-0.4067503006410104,27.537121264139785,-3.2286200563112883,4.8736108550951975e-05,0.00010505714257337319,35.22144780221073
108.17737230188308,-3.0385514485342813,-0.06144798536789395,27.630958069695396,-5.3182434015803866,4.696497757756957e-05,7.483849063537656e-05,54.062708203842575
108.17737230188308,-2.9891441079077077,-0.12184632180145916,27.630958069695396,-5.3182434015803866,4.8465273559610454e-05,6.303404275145379e-05,47.91813612188693
107.68329889561734,-2.5938853828951185,-0.22291437050491647,27.99526199764682,-3.4650512629085117,5.015617076145176e-05,0.00011567647497618537,46.47441552720001
108.17737230188308,-2.7421074047748393,-0.24548774896604222,27.529986932542556,-4.985730652014416,4.999021039612236e-05,0.00011116758673350683,47.45913253342184
107.63389155499077,-2.9891441079077077,-0.3859460690839294,27.765433438619027,-4.0089016318321224,4.769532484766637e-05,8.678728451396037e-05,36.662355944360144
107.9303355987502,-3.0385514485342813,-0.29569092233645106,27.57160748375793,-3.7028360936376785,4.852798563535983e-05,7.00381611499024e-05,41.39832427792808
107.88092825812363,-2.7421074047748393,-0.4421456160202069,27.60504118601483,-3.1834045343928876,4.881620584750528e-05,0.00010408885941131377,33.169350228601
108.07855762062994,-3.0385514485342813,-0.11459037326270367,27.538360955980124,-4.650979946719276,4.945554277764228e-05,0.00010273672417241439,48.63624329983253
107.9303355987502,-3.0385514485342813,-0.29569092233645106,27.57160748375793,-3.7028360936376785,4.852798563535983e-05,7.00381611499024e-05,41.93122499033422
108.22677964250965,-2.8903294266545605,-0.13593003998296033,27.612574280632884,-5.0550930380821235,4.673506808559672e-05,5.195094404613056e-05,50.995923471959
108.12796496125651,-3.0879587891608553,0.011109752130142248,27.661209805806607,-5.616752109262678,4.84366942552761e-05,7.370239886706109e-05,61.59888677722336
107.68329889561734,-2.643292723521692,-0.23026498887164573,27.99526199764682,-3.4650512629085117,4.8848404127866795e-05,0.00010001568212337696,39.729752139780196
108.02915028000336,-3.1867734704140025,-0.1409372086286642,27.672383308410588,-5.844219964080387,4.794062553722649e-05,7.558133085929319e-05,53.5527663617745
108.17737230188308,-2.939736767281134,-0.10393900447109819,27.612574280632884,-5.0550930380821235,4.77628219377554e-05,7.476732508624468e-05,54.00257041753081
108.02915028000336,-3.0879587891608553,-0.11104994810990217,27.58075190650095,-4.7829223566585135,4.86843547911007e-05,7.57912337169153e-05,54.91416888603767
107.68329889561734,-2.9891441079077077,-0.44134955839189505,27.66619841257733,-3.6583333267105957,4.710088323399238e-05,8.807435764263893e-05,34.88578142885076
108.17737230188308,-2.939736767281134,-0.10393900447109819,27.612574280632884,-5.0550930380821235,4.77628219377554e-05,7.476732508624468e-05,47.80072916936975
107.9303355987502,-2.840922086027987,-0.4452998731345396,27.537121264139785,-3.2286200563112883,4.9391536147300725e-05,8.802451664774852e-05,31.44897960407688
108.02915028000336,-2.9891441079077077,-0.3319141971073438,27.494977166917693,-3.8918043282296932,4.916808620701557e-05,0.00010058457626844054,38.34035102562736
108.02915028000336,-2.8903294266545605,-0.39895663535501336,27.468303447299547,-3.4074801908599004,4.834884338132377e-05,7.537974315456681e-05,39.06373401739782
108.07855762062994,-3.137366129787429,-0.06478283589714379,27.661209805806607,-5.616752109262678,4.61680700624862e-05,7.355536567892328e-05,49.90787847007934
107.88092825812363,-2.6927000641482657,-0.43015225129514784,27.60504118601483,-3.1834045343928876,4.916193502333952e-05,9.675298910590742e-05,34.96786069797449
107.88092825812363,-3.0385514485342813,-0.2880919437096485,27.57160748375793,-3.7028360936376785,4.817142479250188e-05,7.22407558994354e-05,44.03191945604312
108.07855762062994,-3.0385514485342813,-0.11459037326270367,27.538360955980124,-4.650979946719276,4.945554277764228e-05,0.00010273672417241439,50.66748081427686
107.97974293937678,-3.137366129787429,-0.11564038663172023,27.58075190650095,-4.7829223566585135,4.973112282260381e-05,9.779701630556918e-05,54.876246132407495
107.88092825812363,-2.643292723521692,-0.4351125145333872,27.691380161709276,-3.608751756615109,4.811893586106581e-05,9.024242927127916e-05,36.33714401168904
107.78211357687049,-3.137366129787429,-0.4777579416802956,27.67650928497318,-4.717574049366846,4.958693686965571e-05,0.00010960072897527311,36.96060524357852
108.07855762062994,-2.6927000641482657,-0.33528345004517596,27.602409892612172,-4.146882453229693,4.8078826451469464e-05,9.44423611025367e-05,34.78925224875683
108.02915028000336,-2.8903294266545605,-0.39895663535501336,27.468303447299547,-3.4074801908599004,4.834884338132377e-05,7.537974315456681e-05,34.53208973978812
107.63389155499077,-2.9891441079077077,-0.3859460690839294,27.765433438619027,-4.0089016318321224,4.769532484766637e-05,8.678728451396037e-05,35.32896696512565
107.68329889561734,-3.0385514485342813,-0.4340133337554923,27.66619841257733,-3.6583333267105957,4.766138017840386e-05,7.876023611302423e-05,35.943467213294056
107.73270623624391,-3.0385514485342813,-0.4606348298337623,27.66619841257733,-3.6583333267105957,4.5195982912867034e-05,7.318069274191657e-05,35.92137081712462
107.73270623624391,-3.0879587891608553,-0.42954054187279606,27.689131355285667,-4.763786478837332,4.75490033497082e-05,8.072397483845766e-05,34.88940522190155
107.73270623624391,-3.0385514485342813,-0.4606348298337623,27.66619841257733,-3.6583333267105957,4.5195982912867034e-05,7.318069274191657e-05,29.671825431253417
108.12796496125651,-3.137366129787429,-0.044738533233301826,27.661209805806607,-5.616752109262678,4.733684892285098e-05,8.748523716325017e-05,53.8517230395463
108.02915028000336,-2.840922086027987,-0.40861316314232193,27.488908916049468,-3.3225301040543456,4.7690577555877885e-05,9.693521486181346e-05,34.66043120660619
107.83152091749706,-2.840922086027987,-0.3318141689664724,27.610878859625984,-3.089292392465803,4.9312149276667435e-05,8.699116593123183e-05,39.36075009278067
107.97974293937678,-3.137366129787429,-0.11564038663172023,27.58075190650095,-4.7829223566585135,4.973112282260381e-05,9.779701630556918e-05,51.813895152389506
108.17737230188308,-2.939736767281134,-0.10393900447109819,27.612574280632884,-5.0550930380821235,4.77628219377554e-05,7.476732508624468e-05,48.780991377165776
107.78211357687049,-2.7421074047748393,-0.41186618602611735,27.695310825771855,-2.999875888559553,4.9116472940334216e-05,0.00011357995424308561,31.93008529633945
107.73270623624391,-2.791514745401413,-0.289551910812191,27.794016880459367,-3.0357476062244837,4.976485122728352e-05,9.34524079974007e-05,36.92697236725257
107.97974293937678,-2.840922086027987,-0.44328836685022005,27.488908916049468,-3.3225301040543456,4.836587916060541e-05,9.759222899714878e-05,33.29088268869068
107.73270623624391,-2.939736767281134,-0.4049452824435907,27.733743985494016,-3.2088656889067755,4.754283907578133e-05,8.600538308969794e-05,32.297078834318754
107.88092825812363,-2.643292723521692,-0.4351125145333872,27.691380161709276,-3.608751756615109,4.811893586106581e-05,9.024242927127916e-05,28.757631970999242
108.12796496125651,-3.137366129787429,-0.044738533233301826,27.661209805806607,-5.616752109262678,4.733684892285098e-05,8.748523716325017e-05,55.15321628197843
107.5844842143642,-2.791514745401413,-0.215130794887614,27.948316468132873,-3.301089810000525,4.8682226527260226e-05,0.00011992987395314826,43.23048970651965
108.17737230188308,-2.840922086027987,-0.11437063434946045,27.604102600945453,-5.024324537648095,4.916200789186982e-05,9.435694281064083e-05,49.37307303918293
108.02915028000336,-3.0385514485342813,-0.20380908893896124,27.494977166917693,-3.8918043282296932,4.893273092418207e-05,0.00010190027924981908,43.60939670099542
107.97974293937678,-3.0385514485342813,-0.30029459154701316,27.494977166917693,-3.8918043282296932,4.939269538983334e-05,7.034632409843724e-05,36.859504465486715
107.68329889561734,-2.939736767281134,-0.38472628518419777,27.733743985494016,-3.2088656889067755,4.68980103099612e-05,9.191961840730236e-05,33.0568559936285
107.9303355987502,-2.9891441079077077,-0.3172846986812468,27.57160748375793,-3.7028360936376785,4.879552800471437e-05,7.917584601790513e-05,40.23397282557635
108.07855762062994,-3.0879587891608553,0.01670058422704254,27.661209805806607,-5.616752109262678,4.938233186519286e-05,8.479808027546422e-05,59.97533533771202
108.17737230188308,-2.840922086027987,-0.11437063434946045,27.604102600945453,-5.024324537648095,4.916200789186982e-05,9.435694281064083e-05,49.58038748076133
108.12796496125651,-2.6927000641482657,-0.2830993003622582,27.602409892612172,-4.146882453229693,4.664090918078074e-05,7.996225967966509e-05,41.672618789948515
107.73270623624391,-2.8903294266545605,-0.380152181274252,27.733743985494016,-3.2088656889067755,4.6741601563649126e-05,8.370663814348134e-05,35.46951469515662
108.07855762062994,-2.6927000641482657,-0.33528345004517596,27.602409892612172,-4.146882453229693,4.8078826451469464e-05,9.44423611025367e-05,34.19967042061296
107.88092825812363,-2.5938853828951185,-0.31124751775984094,27.691380161709276,-3.608751756615109,4.5826359516982094e-05,0.00012360391548141603,42.59331561246232
107.97974293937678,-2.840922086027987,-0.44328836685022005,27.488908916049468,-3.3225301040543456,4.836587916060541e-05,9.759222899714878e-05,31.199141490870645
108.02915028000336,-3.0879587891608553,-0.11104994810990217,27.58075190650095,-4.7829223566585135,4.86843547911007e-05,7.57912337169153e-05,53.86111714733301
107.83152091749706,-2.7421074047748393,-0.4729610278981564,27.695310825771855,-2.999875888559553,4.804762916213366e-05,9.694511674968719e-05,35.93605181562883
108.02915028000336,-3.1867734704140025,-0.1409372086286642,27.672383308410588,-5.844219964080387,4.794062553722649e-05,7.558133085929319e-05,54.11860936851663
107.68329889561734,-3.137366129787429,-0.3705661924878288,27.689131355285667,-4.763786478837332,4.8173903592636865e-05,0.00010955056013132482,39.054616026406244
107.68329889561734,-3.137366129787429,-0.3705661924878288,27.689131355285667,-4.763786478837332,4.8173903592636865e-05,0.00010955056013132482,38.06160433749818
107.88092825812363,-2.5938853828951185,-0.31124751775984094,27.691380161709276,-3.608751756615109,4.5826359516982094e-05,0.00012360391548141603,34.64371346615516
107.88092825812363,-2.9891441079077077,-0.309021667990693,27.57160748375793,-3.7028360936376785,4.8394360937941235e-05,8.551497450756217e-05,41.38207130782065
107.73270623624391,-2.8903294266545605,-0.380152181274252,27.733743985494016,-3.2088656889067755,4.6741601563649126e-05,8.370663814348134e-05,30.812314931630592
107.97974293937678,-2.7421074047748393,-0.38739913739459253,27.543911086188473,-3.3892327136463587,4.828854962974155e-05,9.914729063288476e-05,43.703263724927055
107.78211357687049,-2.8903294266545605,-0.3532757383481807,27.597914992438405,-3.1578104588720532,4.793099783635255e-05,0.00010820323076488933,32.476042169907004
107.73270623624391,-2.8903294266545605,-0.380152181274252,27.733743985494016,-3.2088656889067755,4.6741601563649126e-05,8.370663814348134e-05,34.03464681222118
107.78211357687049,-2.6927000641482657,-0.4303630558598673,27.695310825771855,-2.999875888559553,4.875098073259149e-05,0.00013775510916519737,37.638350389204994
107.68329889561734,-2.791514745401413,-0.2640259919382026,27.794016880459367,-3.0357476062244837,4.795147810335047e-05,0.00010616097769112424,31.692577990327493
107.68329889561734,-3.137366129787429,-0.3705661924878288,27.689131355285667,-4.763786478837332,4.8173903592636865e-05,0.00010955056013132482,40.91892198270765
107.83152091749706,-2.8903294266545605,-0.33182345280476633,27.597914992438405,-3.1578104588720532,4.76041324902005e-05,8.239282619024163e-05,30.263368581766947
107.9303355987502,-3.0879587891608553,-0.28296280535286294,27.608754836188382,-4.2812154067887205,4.831175703865063e-05,6.563366147259047e-05,42.34308349558962
107.9303355987502,-2.8903294266545605,-0.35101224405961434,27.508095656500984,-3.2238932225439285,5.1127540187556273e-05,9.408275707187376e-05,35.420545087413466
107.78211357687049,-2.7421074047748393,-0.41186618602611735,27.695310825771855,-2.999875888559553,4.9116472940334216e-05,0.00011357995424308561,38.66809167135363
107.68329889561734,-2.7421074047748393,-0.21221168488698045,27.869185066223167,-2.957024461693234,4.892175032982711e-05,0.00011640992104160524,42.00156446273475
107.63389155499077,-2.9891441079077077,-0.3859460690839294,27.765433438619027,-4.0089016318321224,4.769532484766637e-05,8.678728451396037e-05,34.1477182263459
107.83152091749706,-2.8903294266545605,-0.33182345280476633,27.597914992438405,-3.1578104588720532,4.76041324902005e-05,8.239282619024163e-05,36.24133772665054
107.97974293937678,-2.6927000641482657,-0.3982735822360951,27.543911086188473,-3.3892327136463587,4.9537979233966365e-05,0.00010302165532120746,36.819703246794255
107.63389155499077,-2.8903294266545605,-0.3747148240870956,27.91895720163984,-3.75719196928872,4.928930526724701e-05,0.00010473748041992461,37.79112139587304
108.02915028000336,-2.9891441079077077,-0.3319141971073438,27.494977166917693,-3.8918043282296932,4.916808620701557e-05,0.00010058457626844054,40.19245120888416
107.78211357687049,-3.0879587891608553,-0.47912465028463175,27.67650928497318,-4.717574049366846,4.8103198935456836e-05,8.107377663056776e-05,30.411822710690632
107.88092825812363,-3.0385514485342813,-0.2880919437096485,27.57160748375793,-3.7028360936376785,4.817142479250188e-05,7.22407558994354e-05,45.977814863152744
107.73270623624391,-3.137366129787429,-0.4580282377527116,27.689131355285667,-4.763786478837332,4.759459346210952e-05,9.962351287222687e-05,33.29553754462027
107.97974293937678,-3.0385514485342813,-0.30029459154701316,27.494977166917693,-3.8918043282296932,4.939269538983334e-05,7.034632409843724e-05,45.799417814480414
107.68329889561734,-2.9891441079077077,-0.44134955839189505,27.66619841257733,-3.6583333267105957,4.710088323399238e-05,8.807435764263893e-05,35.23444595014638
107.63389155499077,-2.840922086027987,-0.4078932931700579,27.948316468132873,-3.301089810000525,4.6220529400802006e-05,8.00798693757437e-05,36.49800158666141
108.02915028000336,-2.7421074047748393,-0.38691603564187754,27.543911086188473,-3.3892327136463587,4.779647824888141e-05,0.00010562377110629476,34.07916661115591
107.63389155499077,-2.9891441079077077,-0.3859460690839294,27.765433438619027,-4.0089016318321224,4.769532484766637e-05,8.678728451396037e-05,38.92103395524297
108.02915028000336,-2.939736767281134,-0.38888600246793487,27.468303447299547,-3.4074801908599004,4.9663961488123496e-05,9.9150283288277e-05,39.8795547216387
107.83152091749706,-3.137366129787429,-0.27832578515206396,27.67650928497318,-4.717574049366846,4.982843166998001e-05,0.00010944433212219086,44.38905786040006
107.83152091749706,-2.791514745401413,-0.4584549391482958,27.610878859625984,-3.089292392465803,4.8329559462438864e-05,8.658600032373723e-05,30.250279545899602
107.9303355987502,-2.5938853828951185,-0.3124411580051767,27.691380161709276,-3.608751756615109,4.7994657905278286e-05,0.00011210140626996762,35.38529652735839
107.9303355987502,-2.9891441079077077,-0.3172846986812468,27.57160748375793,-3.7028360936376785,4.879552800471437e-05,7.917584601790513e-05,38.97308041317541
108.12796496125651,-3.0385514485342813,-0.009685363334448227,27.538360955980124,-4.650979946719276,4.8863104334211e-05,6.709215798988773e-05,53.93978275308826
108.02915028000336,-3.0385514485342813,-0.20380908893896124,27.494977166917693,-3.8918043282296932,4.893273092418207e-05,0.00010190027924981908,45.43963388240994
107.9303355987502,-2.9891441079077077,-0.3172846986812468,27.57160748375793,-3.7028360936376785,4.879552800471437e-05,7.917584601790513e-05,37.97058999748048
108.02915028000336,-2.6927000641482657,-0.35675790619175823,27.543911086188473,-3.3892327136463587,4.9130927790215144e-05,0.00011029786077037129,42.5019619987463
107.68329889561734,-2.9891441079077077,-0.44134955839189505,27.66619841257733,-3.6583333267105957,4.710088323399238e-05,8.807435764263893e-05,34.59704586744411
108.22677964250965,-3.0385514485342813,-0.05574371589234864,27.630958069695396,-5.3182434015803866,4.6844259584851275e-05,9.063254423281253e-05,54.79436158013204
107.88092825812363,-2.643292723521692,-0.4351125145333872,27.691380161709276,-3.608751756615109,4.811893586106581e-05,9.024242927127916e-05,35.3524666009285
107.9303355987502,-2.840922086027987,-0.4452998731345396,27.537121264139785,-3.2286200563112883,4.9391536147300725e-05,8.802451664774852e-05,33.2701208716876
107.63389155499077,-3.0385514485342813,-0.3938650702840393,27.765433438619027,-4.0089016318321224,4.7036392912725584e-05,0.00011329136370219538,41.66634617234325
108.12796496125651,-2.840922086027987,-0.2660473447644401,27.565243551466267,-4.1746507366498316,4.893983807436539e-05,0.0001147453355499387,44.06832614739027
107.73270623624391,-3.0879587891608553,-0.42954054187279606,27.689131355285667,-4.763786478837332,4.75490033497082e-05,8.072397483845766e-05,35.480270178596896
107.68329889561734,-2.9891441079077077,-0.44134955839189505,27.66619841257733,-3.6583333267105957,4.710088323399238e-05,8.807435764263893e-05,35.429651068891985
107.73270623624391,-2.7421074047748393,-0.33991523358395814,27.869185066223167,-2.957024461693234,4.865140657631262e-05,9.020063700022723e-05,30.512619172897658
108.17737230188308,-2.9891441079077077,-0.12184632180145916,27.630958069695396,-5.3182434015803866,4.8465273559610454e-05,6.303404275145379e-05,48.11104075367466
107.9303355987502,-3.0879587891608553,-0.28296280535286294,27.608754836188382,-4.2812154067887205,4.831175703865063e-05,6.563366147259047e-05,41.499312979396066
107.97974293937678,-2.8903294266545605,-0.41815007321591136,27.468303447299547,-3.4074801908599004,4.930897544157348e-05,8.886745573782487e-05,38.45596515749443
108.07855762062994,-3.137366129787429,-0.06478283589714379,27.661209805806607,-5.616752109262678,4.61680700624862e-05,7.355536567892328e-05,54.38740115124223
108.17737230188308,-2.8903294266545605,-0.08303305542396118,27.612574280632884,-5.0550930380821235,4.841221936729034e-05,6.663276354219625e-05,51.903528255052976
107.97974293937678,-2.7421074047748393,-0.38739913739459253,27.543911086188473,-3.3892327136463587,4.828854962974155e-05,9.914729063288476e-05,37.57255712504046
107.9303355987502,-2.8903294266545605,-0.35101224405961434,27.508095656500984,-3.2238932225439285,5.1127540187556273e-05,9.408275707187376e-05,43.54037250683783
107.78211357687049,-3.0879587891608553,-0.47912465028463175,27.67650928497318,-4.717574049366846,4.8103198935456836e-05,8.107377663056776e-05,33.70296460911475
108.22677964250965,-3.0385514485342813,-0.05574371589234864,27.630958069695396,-5.3182434015803866,4.6844259584851275e-05,9.063254423281253e-05,57.82479623709439
107.9303355987502,-2.840922086027987,-0.4452998731345396,27.537121264139785,-3.2286200563112883,4.9391536147300725e-05,8.802451664774852e-05,28.01591146845119
107.78211357687049,-2.8903294266545605,-0.3532757383481807,27.597914992438405,-3.1578104588720532,4.793099783635255e-05,0.00010820323076488933,35.403684470508
107.97974293937678,-3.0385514485342813,-0.30029459154701316,27.494977166917693,-3.8918043282296932,4.939269538983334e-05,7.034632409843724e-05,40.66967414091683
107.63389155499077,-2.9891441079077077,-0.3859460690839294,27.765433438619027,-4.0089016318321224,4.769532484766637e-05,8.678728451396037e-05,39.583579772158906
107.9303355987502,-3.137366129787429,-0.04709660653083225,27.608754836188382,-4.2812154067887205,5.028781554378822e-05,9.240614542488119e-05,53.524651869936534
107.83152091749706,-3.0385514485342813,-0.3365841179361083,27.63817920684818,-3.659107116858164,4.756096459311967e-05,5.707278309291875e-05,42.4297046112225
107.88092825812363,-3.0879587891608553,-0.25088718361063517,27.608754836188382,-4.2812154067887205,4.8775665234686963e-05,6.484860911414898e-05,38.61818256239262
108.17737230188308,-2.840922086027987,-0.11437063434946045,27.604102600945453,-5.024324537648095,4.916200789186982e-05,9.435694281064083e-05,50.6909012569248
107.68329889561734,-3.0385514485342813,-0.4340133337554923,27.66619841257733,-3.6583333267105957,4.766138017840386e-05,7.876023611302423e-05,35.53186713133149
107.68329889561734,-3.137366129787429,-0.3705661924878288,27.689131355285667,-4.763786478837332,4.8173903592636865e-05,0.00010955056013132482,39.61739257932559
107.97974293937678,-3.0385514485342813,-0.30029459154701316,27.494977166917693,-3.8918043282296932,4.939269538983334e-05,7.034632409843724e-05,44.73425132210048
107.88092825812363,-2.5938853828951185,-0.31124751775984094,27.691380161709276,-3.608751756615109,4.5826359516982094e-05,0.00012360391548141603,42.06828889125114
108.02915028000336,-2.6927000641482657,-0.35675790619175823,27.543911086188473,-3.3892327136463587,4.9130927790215144e-05,0.00011029786077037129,32.448008689762354
107.78211357687049,-2.7421074047748393,-0.41186618602611735,27.695310825771855,-2.999875888559553,4.9116472940334216e-05,0.00011357995424308561,32.37257137237636
107.9303355987502,-2.840922086027987,-0.4452998731345396,27.537121264139785,-3.2286200563112883,4.9391536147300725e-05,8.802451664774852e-05,34.957012024565664
107.9303355987502,-2.6927000641482657,-0.42748612915578416,27.60504118601483,-3.1834045343928876,4.960556231112287e-05,9.331415388272486e-05,33.61098461028999
107.97974293937678,-3.0385514485342813,-0.30029459154701316,27.494977166917693,-3.8918043282296932,4.939269538983334e-05,7.034632409843724e-05,40.94846650374781
107.9303355987502,-3.0879587891608553,-0.28296280535286294,27.608754836188382,-4.2812154067887205,4.831175703865063e-05,6.563366147259047e-05,45.15491340276548
107.97974293937678,-3.137366129787429,-0.11564038663172023,27.58075190650095,-4.7829223566585135,4.973112282260381e-05,9.779701630556918e-05,55.54957130959672
108.12796496125651,-2.791514745401413,-0.2909988123015262,27.565243551466267,-4.1746507366498316,4.874994184429853e-05,0.00010032169185547003,39.16287420930807
108.12796496125651,-2.939736767281134,-0.13839606911815883,27.50856223636208,-4.172134053707123,4.8843666407896524e-05,9.039636588773693e-05,52.22242369517451
107.73270623624391,-2.5938853828951185,-0.30189156017546487,27.99526199764682,-3.4650512629085117,4.959619807928132e-05,0.0001101668189700772,43.71611431988947
107.88092825812363,-3.0385514485342813,-0.2880919437096485,27.57160748375793,-3.7028360936376785,4.817142479250188e-05,7.22407558994354e-05,44.33782664980505
108.07855762062994,-3.137366129787429,-0.06478283589714379,27.661209805806607,-5.616752109262678,4.61680700624862e-05,7.355536567892328e-05,57.076336253792846
107.9303355987502,-2.8903294266545605,-0.35101224405961434,27.508095656500984,-3.2238932225439285,5.1127540187556273e-05,9.408275707187376e-05,39.52081026425118
107.73270623624391,-3.137366129787429,-0.4580282377527116,27.689131355285667,-4.763786478837332,4.759459346210952e-05,9.962351287222687e-05,32.987511842375575
108.12796496125651,-2.6927000641482657,-0.2830993003622582,27.602409892612172,-4.146882453229693,4.664090918078074e-05,7.996225967966509e-05,39.18327172289167
107.83152091749706,-3.137366129787429,-0.27832578515206396,27.67650928497318,-4.717574049366846,4.982843166998001e-05,0.00010944433212219086,43.15381445251809
108.22677964250965,-2.840922086027987,-0.0379000991379849,27.604102600945453,-5.024324537648095,4.8151738966041475e-05,9.395586276867305e-05,56.169002542153606
108.07855762062994,-2.7421074047748393,-0.3772197575270377,27.602409892612172,-4.146882453229693,4.77325837207461e-05,8.163276068387882e-05,38.16595414911608
108.12796496125651,-2.939736767281134,-0.13839606911815883,27.50856223636208,-4.172134053707123,4.8843666407896524e-05,9.039636588773693e-05,48.19320626949637
107.97974293937678,-2.840922086027987,-0.44328836685022005,27.488908916049468,-3.3225301040543456,4.836587916060541e-05,9.759222899714878e-05,31.248017207085727
107.73270623624391,-2.9891441079077077,-0.4720680189526816,27.66619841257733,-3.6583333267105957,4.605284525739405e-05,8.453486514248036e-05,32.79975033152446
107.73270623624391,-2.6927000641482657,-0.356015038818812,27.869185066223167,-2.957024461693234,4.8331679389572095e-05,0.00011212405058535359,37.45871682713993
107.97974293937678,-2.8903294266545605,-0.41815007321591136,27.468303447299547,-3.4074801908599004,4.930897544157348e-05,8.886745573782487e-05,36.11189381099612
108.12796496125651,-2.840922086027987,-0.2660473447644401,27.565243551466267,-4.1746507366498316,4.893983807436539e-05,0.0001147453355499387,38.241320822464665
107.63389155499077,-2.791514745401413,-0.20479654864355498,27.948316468132873,-3.301089810000525,4.6722153140137945e-05,8.298810413113266e-05,43.474260475465044
107.73270623624391,-3.137366129787429,-0.4580282377527116,27.689131355285667,-4.763786478837332,4.759459346210952e-05,9.962351287222687e-05,27.022628710992823
108.17737230188308,-2.8903294266545605,-0.08303305542396118,27.612574280632884,-5.0550930380821235,4.841221936729034e-05,6.663276354219625e-05,50.2078109473882
107.73270623624391,-2.840922086027987,-0.29164033134323203,27.794016880459367,-3.0357476062244837,4.6295541116538076e-05,9.430473675639245e-05,40.20967499076426
107.73270623624391,-2.939736767281134,-0.4049452824435907,27.733743985494016,-3.2088656889067755,4.754283907578133e-05,8.600538308969794e-05,28.32655826040067
107.63389155499077,-2.8903294266545605,-0.3747148240870956,27.91895720163984,-3.75719196928872,4.928930526724701e-05,0.00010473748041992461,40.03836878057093
107.83152091749706,-3.0385514485342813,-0.3365841179361083,27.63817920684818,-3.659107116858164,4.756096459311967e-05,5.707278309291875e-05,33.5119509675857
107.73270623624391,-2.7421074047748393,-0.33991523358395814,27.869185066223167,-2.957024461693234,4.865140657631262e-05,9.020063700022723e-05,39.93379760543519
107.9303355987502,-2.8903294266545605,-0.35101224405961434,27.508095656500984,-3.2238932225439285,5.1127540187556273e-05,9.408275707187376e-05,39.38658562194826
108.17737230188308,-2.6927000641482657,-0.2747595402451654,27.529986932542556,-4.985730652014416,4.7060133435067195e-05,9.696160127390406e-05,39.09498859389696
107.9303355987502,-2.840922086027987,-0.4452998731345396,27.537121264139785,-3.2286200563112883,4.9391536147300725e-05,8.802451664774852e-05,33.87820149646435
107.78211357687049,-2.6927000641482657,-0.4303630558598673,27.695310825771855,-2.999875888559553,4.875098073259149e-05,0.00013775510916519737,35.102959838362686
107.97974293937678,-3.137366129787429,-0.11564038663172023,27.58075190650095,-4.7829223566585135,4.973112282260381e-05,9.779701630556918e-05,47.059456055026274
108.02915028000336,-2.939736767281134,-0.38888600246793487,27.468303447299547,-3.4074801908599004,4.9663961488123496e-05,9.9150283288277e-05,34.44231132593783
107.88092825812363,-2.9891441079077077,-0.309021667990693,27.57160748375793,-3.7028360936376785,4.8394360937941235e-05,8.551497450756217e-05,40.70068907763164
107.73270623624391,-2.5938853828951185,-0.30189156017546487,27.99526199764682,-3.4650512629085117,4.959619807928132e-05,0.0001101668189700772,34.700478270422174
108.12796496125651,-3.0879587891608553,0.011109752130142248,27.661209805806607,-5.616752109262678,4.84366942552761e-05,7.370239886706109e-05,60.70303450196225
108.17737230188308,-2.9891441079077077,-0.12184632180145916,27.630958069695396,-5.3182434015803866,4.8465273559610454e-05,6.303404275145379e-05,57.87523781466226
107.68329889561734,-2.7421074047748393,-0.21221168488698045,27.869185066223167,-2.957024461693234,4.892175032982711e-05,0.00011640992104160524,41.836160128380726
107.83152091749706,-2.643292723521692,-0.43552831726355035,27.84874235788982,-3.4736646797921917,4.6743000988272604e-05,0.00010023389042684796,36.21873117003493
107.88092825812363,-2.8903294266545605,-0.36607933106463525,27.508095656500984,-3.2238932225439285,4.91108618687988e-05,9.17865243422811e-05,35.95823625046659
108.07855762062994,-2.840922086027987,-0.3427504630350727,27.565243551466267,-4.1746507366498316,4.8190988623048915e-05,9.906740625231119e-05,33.725581787482795
108.12796496125651,-3.0385514485342813,-0.009685363334448227,27.538360955980124,-4.650979946719276,4.8863104334211e-05,6.709215798988773e-05,53.20012281350646
107.68329889561734,-2.840922086027987,-0.32497123628687646,27.794016880459367,-3.0357476062244837,4.705288939527628e-05,9.291316338915924e-05,39.61004132323942
107.88092825812363,-2.8903294266545605,-0.36607933106463525,27.508095656500984,-3.2238932225439285,4.91108618687988e-05,9.17865243422811e-05,29.896006524243194
107.83152091749706,-2.643292723521692,-0.43552831726355035,27.84874235788982,-3.4736646797921917,4.6743000988272604e-05,0.00010023389042684796,33.32064832960028
107.78211357687049,-2.5938853828951185,-0.32631033538126836,27.84874235788982,-3.4736646797921917,4.8143036894773284e-05,0.00010773017434944008,41.473772267926314
107.73270623624391,-2.9891441079077077,-0.4720680189526816,27.66619841257733,-3.6583333267105957,4.605284525739405e-05,8.453486514248036e-05,29.478933054039786
107.63389155499077,-2.8903294266545605,-0.3747148240870956,27.91895720163984,-3.75719196928872,4.928930526724701e-05,0.00010473748041992461,37.525291204487786
108.07855762062994,-2.840922086027987,-0.3427504630350727,27.565243551466267,-4.1746507366498316,4.8190988623048915e-05,9.906740625231119e-05,38.933624398973194
108.02915028000336,-2.791514745401413,-0.4220144817556809,27.488908916049468,-3.3225301040543456,4.855381426085906e-05,0.00010827197315906662,34.52706813063435
107.88092825812363,-3.0385514485342813,-0.2880919437096485,27.57160748375793,-3.7028360936376785,4.817142479250188e-05,7.22407558994354e-05,41.0709634216261
108.12796496125651,-2.939736767281134,-0.13839606911815883,27.50856223636208,-4.172134053707123,4.8843666407896524e-05,9.039636588773693e-05,51.19546045871636
107.68329889561734,-3.137366129787429,-0.3705661924878288,27.689131355285667,-4.763786478837332,4.8173903592636865e-05,0.00010955056013132482,39.85962664503904
107.63389155499077,-2.791514745401413,-0.20479654864355498,27.948316468132873,-3.301089810000525,4.6722153140137945e-05,8.298810413113266e-05,45.45642759260083
107.68329889561734,-2.939736767281134,-0.38472628518419777,27.733743985494016,-3.2088656889067755,4.68980103099612e-05,9.191961840730236e-05,35.118398475530114
107.88092825812363,-2.939736767281134,-0.3736632736448856,27.508095656500984,-3.2238932225439285,4.94632365558259e-05,8.708089417421842e-05,33.40251136169657
108.07855762062994,-2.9891441079077077,-0.19518958958366245,27.538360955980124,-4.650979946719276,4.8785536010886956e-05,9.063524856696524e-05,49.25727644041279
108.22677964250965,-2.8903294266545605,-0.13593003998296033,27.612574280632884,-5.0550930380821235,4.673506808559672e-05,5.195094404613056e-05,48.789605439670076
108.07855762062994,-2.6927000641482657,-0.33528345004517596,27.602409892612172,-4.146882453229693,4.8078826451469464e-05,9.44423611025367e-05,38.40283406065522
108.17737230188308,-2.9891441079077077,-0.12184632180145916,27.630958069695396,-5.3182434015803866,4.8465273559610454e-05,6.303404275145379e-05,55.68697247296913
107.68329889561734,-3.137366129787429,-0.3705661924878288,27.689131355285667,-4.763786478837332,4.8173903592636865e-05,0.00010955056013132482,37.355839948045926
108.17737230188308,-2.791514745401413,-0.12636415288937783,27.604102600945453,-5.024324537648095,5.009661223442504e-05,0.00011407756797852852,45.81266428861966
108.22677964250965,-2.791514745401413,-0.032648915461506466,27.604102600945453,-5.024324537648095,4.9764889357216066e-05,9.634857838517853e-05,54.436321373054845
107.73270623624391,-2.8903294266545605,-0.380152181274252,27.733743985494016,-3.2088656889067755,4.6741601563649126e-05,8.370663814348134e-05,28.673874649722094
107.78211357687049,-2.939736767281134,-0.34684670019660907,27.597914992438405,-3.1578104588720532,4.762854931691992e-05,9.416180056658646e-05,38.45087653648821
108.17737230188308,-2.8903294266545605,-0.08303305542396118,27.612574280632884,-5.0550930380821235,4.841221936729034e-05,6.663276354219625e-05,52.15197503113541
107.78211357687049,-2.840922086027987,-0.2816843816187077,27.610878859625984,-3.089292392465803,4.660727525208673e-05,8.617857097495212e-05,31.10887672424044
107.83152091749706,-2.840922086027987,-0.3318141689664724,27.610878859625984,-3.089292392465803,4.9312149276667435e-05,8.699116593123183e-05,39.890704927319916
107.78211357687049,-2.5938853828951185,-0.32631033538126836,27.84874235788982,-3.4736646797921917,4.8143036894773284e-05,0.00010773017434944008,38.65206973039211
107.83152091749706,-2.6927000641482657,-0.46098216130347874,27.695310825771855,-2.999875888559553,4.8585860436476636e-05,9.423237734053729e-05,26.935258299958615
108.22677964250965,-2.791514745401413,-0.032648915461506466,27.604102600945453,-5.024324537648095,4.9764889357216066e-05,9.634857838517853e-05,59.18387778763586
107.88092825812363,-3.0385514485342813,-0.2880919437096485,27.57160748375793,-3.7028360936376785,4.817142479250188e-05,7.22407558994354e-05,35.40714922440965
108.17737230188308,-2.6927000641482657,-0.2747595402451654,27.529986932542556,-4.985730652014416,4.7060133435067195e-05,9.696160127390406e-05,46.455753444924
108.02915028000336,-2.8903294266545605,-0.39895663535501336,27.468303447299547,-3.4074801908599004,4.834884338132377e-05,7.537974315456681e-05,34.201923878913526
107.9303355987502,-2.9891441079077077,-0.3172846986812468,27.57160748375793,-3.7028360936376785,4.879552800471437e-05,7.917584601790513e-05,40.978185370409854
107.97974293937678,-3.137366129787429,-0.11564038663172023,27.58075190650095,-4.7829223566585135,4.973112282260381e-05,9.779701630556918e-05,50.67073429698824
108.07855762062994,-2.6927000641482657,-0.33528345004517596,27.602409892612172,-4.146882453229693,4.8078826451469464e-05,9.44423611025367e-05,37.26581196132521
108.07855762062994,-2.840922086027987,-0.3427504630350727,27.565243551466267,-4.1746507366498316,4.8190988623048915e-05,9.906740625231119e-05,44.24975411929286
107.9303355987502,-2.840922086027987,-0.4452998731345396,27.537121264139785,-3.2286200563112883,4.9391536147300725e-05,8.802451664774852e-05,31.116174272382935
107.73270623624391,-2.7421074047748393,-0.33991523358395814,27.869185066223167,-2.957024461693234,4.865140657631262e-05,9.020063700022723e-05,37.60022889950575
108.12796496125651,-2.939736767281134,-0.13839606911815883,27.50856223636208,-4.172134053707123,4.8843666407896524e-05,9.039636588773693e-05,57.86270666805607
107.73270623624391,-2.8903294266545605,-0.380152181274252,27.733743985494016,-3.2088656889067755,4.6741601563649126e-05,8.370663814348134e-05,34.04545201053134
108.17737230188308,-2.939736767281134,-0.10393900447109819,27.612574280632884,-5.0550930380821235,4.77628219377554e-05,7.476732508624468e-05,51.54541204635959
108.02915028000336,-2.791514745401413,-0.4220144817556809,27.488908916049468,-3.3225301040543456,4.855381426085906e-05,0.00010827197315906662,34.60302574211791
108.02915028000336,-3.0385514485342813,-0.20380908893896124,27.494977166917693,-3.8918043282296932,4.893273092418207e-05,0.00010190027924981908,46.71349045080248
107.78211357687049,-3.0879587891608553,-0.47912465028463175,27.67650928497318,-4.717574049366846,4.8103198935456836e-05,8.107377663056776e-05,37.277715290827345
107.78211357687049,-2.840922086027987,-0.2816843816187077,27.610878859625984,-3.089292392465803,4.660727525208673e-05,8.617857097495212e-05,39.367537263976864
108.17737230188308,-2.791514745401413,-0.12636415288937783,27.604102600945453,-5.024324537648095,5.009661223442504e-05,0.00011407756797852852,53.07732739911483
108.12796496125651,-2.8903294266545605,-0.2073740787445578,27.50856223636208,-4.172134053707123,4.754942501178443e-05,8.62469100972139e-05,47.99021608819949
107.5844842143642,-2.791514745401413,-0.215130794887614,27.948316468132873,-3.301089810000525,4.8682226527260226e-05,0.00011992987395314826,47.871679839527914
108.12796496125651,-3.137366129787429,-0.044738533233301826,27.661209805806607,-5.616752109262678,4.733684892285098e-05,8.748523716325017e-05,56.961501516895936
107.63389155499077,-2.840922086027987,-0.4078932931700579,27.948316468132873,-3.301089810000525,4.6220529400802006e-05,8.00798693757437e-05,33.195626547454154
107.83152091749706,-3.137366129787429,-0.27832578515206396,27.67650928497318,-4.717574049366846,4.982843166998001e-05,0.00010944433212219086,46.67383376502027
108.22677964250965,-2.791514745401413,-0.032648915461506466,27.604102600945453,-5.024324537648095,4.9764889357216066e-05,9.634857838517853e-05,58.50793274829527
107.97974293937678,-2.8903294266545605,-0.41815007321591136,27.468303447299547,-3.4074801908599004,4.930897544157348e-05,8.886745573782487e-05,37.19032024590399
107.97974293937678,-2.6927000641482657,-0.3982735822360951,27.543911086188473,-3.3892327136463587,4.9537979233966365e-05,0.00010302165532120746,35.03561990253367
108.07855762062994,-2.6927000641482657,-0.33528345004517596,27.602409892612172,-4.146882453229693,4.8078826451469464e-05,9.44423611025367e-05,38.8519497217781
108.12796496125651,-2.6927000641482657,-0.2830993003622582,27.602409892612172,-4.146882453229693,4.664090918078074e-05,7.996225967966509e-05,41.82799345269842
107.83152091749706,-2.791514745401413,-0.4584549391482958,27.610878859625984,-3.089292392465803,4.8329559462438864e-05,8.658600032373723e-05,35.477152655913095
107.97974293937678,-2.9891441079077077,-0.3997145555280038,27.494977166917693,-3.8918043282296932,4.919786196977687e-05,6.246920463217788e-05,36.49564715526242
107.83152091749706,-2.643292723521692,-0.43552831726355035,27.84874235788982,-3.4736646797921917,4.6743000988272604e-05,0.00010023389042684796,30.544352949818872
108.12796496125651,-2.6927000641482657,-0.2830993003622582,27.602409892612172,-4.146882453229693,4.664090918078074e-05,7.996225967966509e-05,37.645959081583115
107.63389155499077,-2.791514745401413,-0.20479654864355498,27.948316468132873,-3.301089810000525,4.6722153140137945e-05,8.298810413113266e-05,44.19009099839224
108.07855762062994,-2.8903294266545605,-0.3355533065707322,27.50856223636208,-4.172134053707123,4.8166274882847915e-05,9.27350832390638e-05,38.17542507960656
107.97974293937678,-2.9891441079077077,-0.3997145555280038,27.494977166917693,-3.8918043282296932,4.919786196977687e-05,6.246920463217788e-05,40.18972411766824
108.12796496125651,-2.6927000641482657,-0.2830993003622582,27.602409892612172,-4.146882453229693,4.664090918078074e-05,7.996225967966509e-05,40.678741695336036
107.78211357687049,-2.643292723521692,-0.41141991547402207,27.84874235788982,-3.4736646797921917,4.813654392315356e-05,0.0001044354619388988,39.16022040030445
107.9303355987502,-2.7421074047748393,-0.42822803011948335,27.60504118601483,-3.1834045343928876,4.885963486141854e-05,0.0001156889696610161,31.92537775196446
107.97974293937678,-3.1867734704140025,0.027982733239041838,27.672383308410588,-5.844219964080387,4.829318166335243e-05,0.00011054309183052065,63.40554967375843
107.68329889561734,-3.0385514485342813,-0.4340133337554923,27.66619841257733,-3.6583333267105957,4.766138017840386e-05,7.876023611302423e-05,34.1452836288706
108.17737230188308,-2.9891441079077077,-0.12184632180145916,27.630958069695396,-5.3182434015803866,4.8465273559610454e-05,6.303404275145379e-05,52.21541517622396
107.9303355987502,-3.0879587891608553,-0.28296280535286294,27.608754836188382,-4.2812154067887205,4.831175703865063e-05,6.563366147259047e-05,38.47053431046649
107.63389155499077,-2.840922086027987,-0.4078932931700579,27.948316468132873,-3.301089810000525,4.6220529400802006e-05,8.00798693757437e-05,28.45390572380475
107.63389155499077,-2.9891441079077077,-0.3859460690839294,27.765433438619027,-4.0089016318321224,4.769532484766637e-05,8.678728451396037e-05,36.78928769476948
108.17737230188308,-2.6927000641482657,-0.2747595402451654,27.529986932542556,-4.985730652014416,4.7060133435067195e-05,9.696160127390406e-05,45.906963612075806
107.68329889561734,-2.939736767281134,-0.38472628518419777,27.733743985494016,-3.2088656889067755,4.68980103099612e-05,9.191961840730236e-05,37.47949218916722
107.83152091749706,-3.137366129787429,-0.27832578515206396,27.67650928497318,-4.717574049366846,4.982843166998001e-05,0.00010944433212219086,48.33634171706714
107.9303355987502,-2.840922086027987,-0.4452998731345396,27.537121264139785,-3.2286200563112883,4.9391536147300725e-05,8.802451664774852e-05,30.72445158749615
107.78211357687049,-3.0385514485342813,-0.4615642438939657,27.63817920684818,-3.659107116858164,4.5601204507744614e-05,8.102045417165648e-05,30.850237710833273
107.73270623624391,-2.9891441079077077,-0.4720680189526816,27.66619841257733,-3.6583333267105957,4.605284525739405e-05,8.453486514248036e-05,27.909688262451017
108.07855762062994,-2.6927000641482657,-0.33528345004517596,27.602409892612172,-4.146882453229693,4.8078826451469464e-05,9.44423611025367e-05,41.364581166617654
108.12796496125651,-2.8903294266545605,-0.2073740787445578,27.50856223636208,-4.172134053707123,4.754942501178443e-05,8.62469100972139e-05,47.45136749778341
107.97974293937678,-2.6927000641482657,-0.3982735822360951,27.543911086188473,-3.3892327136463587,4.9537979233966365e-05,0.00010302165532120746,39.8690368357465
107.97974293937678,-2.6927000641482657,-0.3982735822360951,27.543911086188473,-3.3892327136463587,4.9537979233966365e-05,0.00010302165532120746,39.09919177549111
108.02915028000336,-2.9891441079077077,-0.3319141971073438,27.494977166917693,-3.8918043282296932,4.916808620701557e-05,0.00010058457626844054,37.1631256655691
107.78211357687049,-2.939736767281134,-0.34684670019660907,27.597914992438405,-3.1578104588720532,4.762854931691992e-05,9.416180056658646e-05,35.35637717954075
108.22677964250965,-2.7421074047748393,-0.16056107768770225,27.529986932542556,-4.985730652014416,4.865561646879633e-05,9.954560249259445e-05,48.30959908126307
107.9303355987502,-2.939736767281134,-0.3639268749296805,27.508095656500984,-3.2238932225439285,5.001086007369985e-05,8.565611193288356e-05,40.134966872017
107.73270623624391,-2.791514745401413,-0.289551910812191,27.794016880459367,-3.0357476062244837,4.976485122728352e-05,9.34524079974007e-05,40.211083558593735
107.78211357687049,-3.0385514485342813,-0.4615642438939657,27.63817920684818,-3.659107116858164,4.5601204507744614e-05,8.102045417165648e-05,29.283344424429774
107.97974293937678,-2.7421074047748393,-0.38739913739459253,27.543911086188473,-3.3892327136463587,4.828854962974155e-05,9.914729063288476e-05,36.65522880081742
108.07855762062994,-2.7421074047748393,-0.3772197575270377,27.602409892612172,-4.146882453229693,4.77325837207461e-05,8.163276068387882e-05,32.52152080763018
107.9303355987502,-2.6927000641482657,-0.42748612915578416,27.60504118601483,-3.1834045343928876,4.960556231112287e-05,9.331415388272486e-05,34.48105622785637
107.83152091749706,-2.6927000641482657,-0.46098216130347874,27.695310825771855,-2.999875888559553,4.8585860436476636e-05,9.423237734053729e-05,28.906422213821482
108.07855762062994,-2.791514745401413,-0.39007418516938863,27.565243551466267,-4.1746507366498316,4.808427002155477e-05,9.642384976062991e-05,39.19570261926606
107.83152091749706,-3.137366129787429,-0.27832578515206396,27.67650928497318,-4.717574049366846,4.982843166998001e-05,0.00010944433212219086,45.214076391504086
107.97974293937678,-2.840922086027987,-0.44328836685022005,27.488908916049468,-3.3225301040543456,4.836587916060541e-05,9.759222899714878e-05,35.06828231876351
107.68329889561734,-2.939736767281134,-0.38472628518419777,27.733743985494016,-3.2088656889067755,4.68980103099612e-05,9.191961840730236e-05,30.716135741428708
108.02915028000336,-3.0385514485342813,-0.20380908893896124,27.494977166917693,-3.8918043282296932,4.893273092418207e-05,0.00010190027924981908,47.07610668239658
107.78211357687049,-2.8903294266545605,-0.3532757383481807,27.597914992438405,-3.1578104588720532,4.793099783635255e-05,0.00010820323076488933,37.69510550114319
107.63389155499077,-2.8903294266545605,-0.3747148240870956,27.91895720163984,-3.75719196928872,4.928930526724701e-05,0.00010473748041992461,35.18573628908729
107.63389155499077,-2.791514745401413,-0.20479654864355498,27.948316468132873,-3.301089810000525,4.6722153140137945e-05,8.298810413113266e-05,46.38962883600191
107.83152091749706,-2.8903294266545605,-0.33182345280476633,27.597914992438405,-3.1578104588720532,4.76041324902005e-05,8.239282619024163e-05,37.400294032992385
108.12796496125651,-3.0385514485342813,-0.009685363334448227,27.538360955980124,-4.650979946719276,4.8863104334211e-05,6.709215798988773e-05,60.78882783184789
108.02915028000336,-2.791514745401413,-0.4220144817556809,27.488908916049468,-3.3225301040543456,4.855381426085906e-05,0.00010827197315906662,35.61103159561416
108.22677964250965,-2.791514745401413,-0.032648915461506466,27.604102600945453,-5.024324537648095,4.9764889357216066e-05,9.634857838517853e-05,54.37688992906635
107.78211357687049,-2.6927000641482657,-0.4303630558598673,27.695310825771855,-2.999875888559553,4.875098073259149e-05,0.00013775510916519737,33.73862957139186
107.88092825812363,-2.840922086027987,-0.4067503006410104,27.537121264139785,-3.2286200563112883,4.8736108550951975e-05,0.00010505714257337319,36.46289904989392
107.73270623624391,-2.939736767281134,-0.4049452824435907,27.733743985494016,-3.2088656889067755,4.754283907578133e-05,8.600538308969794e-05,36.62997665188878
107.63389155499077,-2.8903294266545605,-0.3747148240870956,27.91895720163984,-3.75719196928872,4.928930526724701e-05,0.00010473748041992461,39.61278066113758
108.07855762062994,-2.6927000641482657,-0.33528345004517596,27.602409892612172,-4.146882453229693,4.8078826451469464e-05,9.44423611025367e-05,47.74073295021775
107.73270623624391,-3.0879587891608553,-0.42954054187279606,27.689131355285667,-4.763786478837332,4.75490033497082e-05,8.072397483845766e-05,42.56668800004976
107.88092825812363,-2.5938853828951185,-0.31124751775984094,27.691380161709276,-3.608751756615109,4.5826359516982094e-05,0.00012360391548141603,37.60529307509765
107.9303355987502,-2.8903294266545605,-0.35101224405961434,27.508095656500984,-3.2238932225439285,5.1127540187556273e-05,9.408275707187376e-05,41.41680015962944
108.12796496125651,-2.939736767281134,-0.13839606911815883,27.50856223636208,-4.172134053707123,4.8843666407896524e-05,9.039636588773693e-05,47.73227699729518
107.97974293937678,-3.0879587891608553,-0.23785258990052388,27.58075190650095,-4.7829223566585135,4.775117604238648e-05,7.046715866194184e-05,39.28532133504961
108.02915028000336,-2.939736767281134,-0.38888600246793487,27.468303447299547,-3.4074801908599004,4.9663961488123496e-05,9.9150283288277e-05,40.57821720609715
107.78211357687049,-2.7421074047748393,-0.41186618602611735,27.695310825771855,-2.999875888559553,4.9116472940334216e-05,0.00011357995424308561,30.469174144423498
107.88092825812363,-2.939736767281134,-0.3736632736448856,27.508095656500984,-3.2238932225439285,4.94632365558259e-05,8.708089417421842e-05,37.30541930575046
108.07855762062994,-2.791514745401413,-0.39007418516938863,27.565243551466267,-4.1746507366498316,4.808427002155477e-05,9.642384976062991e-05,31.271723752647105
107.97974293937678,-2.9891441079077077,-0.3997145555280038,27.494977166917693,-3.8918043282296932,4.919786196977687e-05,6.246920463217788e-05,38.71547376552492
107.83152091749706,-2.939736767281134,-0.31051399328287327,27.597914992438405,-3.1578104588720532,4.797860618092597e-05,9.011569609228894e-05,40.70319598199866
107.63389155499077,-2.791514745401413,-0.20479654864355498,27.948316468132873,-3.301089810000525,4.6722153140137945e-05,8.298810413113266e-05,42.179505395593466
108.12796496125651,-2.7421074047748393,-0.31080676411949465,27.602409892612172,-4.146882453229693,4.86190687675348e-05,8.153434495978412e-05,43.88012198394928
107.97974293937678,-2.7421074047748393,-0.38739913739459253,27.543911086188473,-3.3892327136463587,4.828854962974155e-05,9.914729063288476e-05,36.61821488973673
108.02915028000336,-2.6927000641482657,-0.35675790619175823,27.543911086188473,-3.3892327136463587,4.9130927790215144e-05,0.00011029786077037129,34.73704305301228
107.83152091749706,-2.8903294266545605,-0.33182345280476633,27.597914992438405,-3.1578104588720532,4.76041324902005e-05,8.239282619024163e-05,39.78634268729125
108.07855762062994,-2.8903294266545605,-0.3355533065707322,27.50856223636208,-4.172134053707123,4.8166274882847915e-05,9.27350832390638e-05,37.63193246228182
107.73270623624391,-3.0879587891608553,-0.42954054187279606,27.689131355285667,-4.763786478837332,4.75490033497082e-05,8.072397483845766e-05,37.2842182784174
107.9303355987502,-3.0385514485342813,-0.29569092233645106,27.57160748375793,-3.7028360936376785,4.852798563535983e-05,7.00381611499024e-05,42.80195249982014
107.9303355987502,-2.643292723521692,-0.40626775029213286,27.691380161709276,-3.608751756615109,4.853028956610756e-05,7.41262145508877e-05,38.55822043828741
108.12796496125651,-3.137366129787429,-0.044738533233301826,27.661209805806607,-5.616752109262678,4.733684892285098e-05,8.748523716325017e-05,52.62520209695726
107.68329889561734,-3.0879587891608553,-0.40121386526152863,27.689131355285667,-4.763786478837332,4.784982612574023e-05,0.00011312485486545327,39.532827255188984
107.68329889561734,-2.791514745401413,-0.2640259919382026,27.794016880459367,-3.0357476062244837,4.795147810335047e-05,0.00010616097769112424,38.90297414853315
107.83152091749706,-3.0385514485342813,-0.3365841179361083,27.63817920684818,-3.659107116858164,4.756096459311967e-05,5.707278309291875e-05,41.56284111042673
108.12796496125651,-2.9891441079077077,-0.06258198724925669,27.538360955980124,-4.650979946719276,4.878703719494774e-05,7.884245632153908e-05,53.71206536863618
107.63389155499077,-3.0385514485342813,-0.3938650702840393,27.765433438619027,-4.0089016318321224,4.7036392912725584e-05,0.00011329136370219538,36.3247866479666
107.68329889561734,-2.8903294266545605,-0.3595238068629796,27.733743985494016,-3.2088656889067755,4.826917221648487e-05,9.31199011986659e-05,36.23843723016343
107.68329889561734,-2.8903294266545605,-0.3595238068629796,27.733743985494016,-3.2088656889067755,4.826917221648487e-05,9.31199011986659e-05,34.28186754379831
107.97974293937678,-2.8903294266545605,-0.41815007321591136,27.468303447299547,-3.4074801908599004,4.930897544157348e-05,8.886745573782487e-05,37.4175229764063
107.68329889561734,-2.791514745401413,-0.2640259919382026,27.794016880459367,-3.0357476062244837,4.795147810335047e-05,0.00010616097769112424,45.968588163555495
108.22677964250965,-2.8903294266545605,-0.13593003998296033,27.612574280632884,-5.0550930380821235,4.673506808559672e-05,5.195094404613056e-05,56.08037353225419
107.83152091749706,-2.9891441079077077,-0.3140361856051047,27.63817920684818,-3.659107116858164,4.9197571388959405e-05,7.592653322462991e-05,36.18272334898233
107.97974293937678,-2.9891441079077077,-0.3997145555280038,27.494977166917693,-3.8918043282296932,4.919786196977687e-05,6.246920463217788e-05,38.70935861541843
108.17737230188308,-3.0385514485342813,-0.06144798536789395,27.630958069695396,-5.3182434015803866,4.696497757756957e-05,7.483849063537656e-05,55.112401584804196
107.68329889561734,-2.5938853828951185,-0.22291437050491647,27.99526199764682,-3.4650512629085117,5.015617076145176e-05,0.00011567647497618537,47.41690851639011
107.78211357687049,-2.791514745401413,-0.3619481713187156,27.610878859625984,-3.089292392465803,4.9141095994569575e-05,9.48074055819226e-05,33.89178675586355
108.12796496125651,-3.0879587891608553,0.011109752130142248,27.661209805806607,-5.616752109262678,4.84366942552761e-05,7.370239886706109e-05,61.748610270502994
108.17737230188308,-2.840922086027987,-0.11437063434946045,27.604102600945453,-5.024324537648095,4.916200789186982e-05,9.435694281064083e-05,53.70992750645335
108.02915028000336,-3.0879587891608553,-0.11104994810990217,27.58075190650095,-4.7829223566585135,4.86843547911007e-05,7.57912337169153e-05,51.985269281627104
107.97974293937678,-2.840922086027987,-0.44328836685022005,27.488908916049468,-3.3225301040543456,4.836587916060541e-05,9.759222899714878e-05,32.54494669367556
108.22677964250965,-3.0385514485342813,-0.05574371589234864,27.630958069695396,-5.3182434015803866,4.6844259584851275e-05,9.063254423281253e-05,59.12175323756384
107.68329889561734,-3.0879587891608553,-0.40121386526152863,27.689131355285667,-4.763786478837332,4.784982612574023e-05,0.00011312485486545327,33.799337395679004
108.17737230188308,-2.8903294266545605,-0.08303305542396118,27.612574280632884,-5.0550930380821235,4.841221936729034e-05,6.663276354219625e-05,47.8206448313459
107.97974293937678,-3.1867734704140025,0.027982733239041838,27.672383308410588,-5.844219964080387,4.829318166335243e-05,0.00011054309183052065,58.475591130030736
107.73270623624391,-2.6927000641482657,-0.356015038818812,27.869185066223167,-2.957024461693234,4.8331679389572095e-05,0.00011212405058535359,32.86404853433363
107.63389155499077,-3.0385514485342813,-0.3938650702840393,27.765433438619027,-4.0089016318321224,4.7036392912725584e-05,0.00011329136370219538,32.40272809625314
107.68329889561734,-2.791514745401413,-0.2640259919382026,27.794016880459367,-3.0357476062244837,4.795147810335047e-05,0.00010616097769112424,39.826933559295064
107.73270623624391,-2.7421074047748393,-0.33991523358395814,27.869185066223167,-2.957024461693234,4.865140657631262e-05,9.020063700022723e-05,36.72311852929955
107.68329889561734,-2.5938853828951185,-0.22291437050491647,27.99526199764682,-3.4650512629085117,5.015617076145176e-05,0.00011567647497618537,41.460673800260835
107.78211357687049,-3.137366129787429,-0.4777579416802956,27.67650928497318,-4.717574049366846,4.958693686965571e-05,0.00010960072897527311,32.3794001668959
107.78211357687049,-2.5938853828951185,-0.32631033538126836,27.84874235788982,-3.4736646797921917,4.8143036894773284e-05,0.00010773017434944008,42.191058914054125
107.78211357687049,-2.6927000641482657,-0.4303630558598673,27.695310825771855,-2.999875888559553,4.875098073259149e-05,0.00013775510916519737,34.95889414662721
107.73270623624391,-2.939736767281134,-0.4049452824435907,27.733743985494016,-3.2088656889067755,4.754283907578133e-05,8.600538308969794e-05,37.7211397886906
108.17737230188308,-2.840922086027987,-0.11437063434946045,27.604102600945453,-5.024324537648095,4.916200789186982e-05,9.435694281064083e-05,53.21110509214318
108.07855762062994,-3.137366129787429,-0.06478283589714379,27.661209805806607,-5.616752109262678,4.61680700624862e-05,7.355536567892328e-05,56.58930782020832
107.88092825812363,-2.5938853828951185,-0.31124751775984094,27.691380161709276,-3.608751756615109,4.5826359516982094e-05,0.00012360391548141603,36.08354637403504
107.97974293937678,-2.7421074047748393,-0.38739913739459253,27.543911086188473,-3.3892327136463587,4.828854962974155e-05,9.914729063288476e-05,35.67806399507294
107.97974293937678,-3.1867734704140025,0.027982733239041838,27.672383308410588,-5.844219964080387,4.829318166335243e-05,0.00011054309183052065,61.58326445298389
108.02915028000336,-2.7421074047748393,-0.38691603564187754,27.543911086188473,-3.3892327136463587,4.779647824888141e-05,0.00010562377110629476,35.404507592434975
107.88092825812363,-2.5938853828951185,-0.31124751775984094,27.691380161709276,-3.608751756615109,4.5826359516982094e-05,0.00012360391548141603,40.48276026137737
107.9303355987502,-2.9891441079077077,-0.3172846986812468,27.57160748375793,-3.7028360936376785,4.879552800471437e-05,7.917584601790513e-05,39.77937324542578
107.73270623624391,-3.137366129787429,-0.4580282377527116,27.689131355285667,-4.763786478837332,4.759459346210952e-05,9.962351287222687e-05,35.20658581214504
108.17737230188308,-3.0385514485342813,-0.06144798536789395,27.630958069695396,-5.3182434015803866,4.696497757756957e-05,7.483849063537656e-05,51.76794845856172
107.73270623624391,-3.0879587891608553,-0.42954054187279606,27.689131355285667,-4.763786478837332,4.75490033497082e-05,8.072397483845766e-05,37.051939098771435
107.68329889561734,-2.6927000641482657,-0.20522989641038286,27.869185066223167,-2.957024461693234,4.87120168513314e-05,0.00011288654176155283,43.10599057916132
108.17737230188308,-2.791514745401413,-0.12636415288937783,27.604102600945453,-5.024324537648095,5.009661223442504e-05,0.00011407756797852852,49.401446047638615
107.73270623624391,-2.8903294266545605,-0.380152181274252,27.733743985494016,-3.2088656889067755,4.6741601563649126e-05,8.370663814348134e-05,40.71064713830252
107.5844842143642,-2.791514745401413,-0.215130794887614,27.948316468132873,-3.301089810000525,4.8682226527260226e-05,0.00011992987395314826,43.14428345605367
107.68329889561734,-2.8903294266545605,-0.3595238068629796,27.733743985494016,-3.2088656889067755,4.826917221648487e-05,9.31199011986659e-05,35.816288573982
108.12796496125651,-2.7421074047748393,-0.31080676411949465,27.602409892612172,-4.146882453229693,4.86190687675348e-05,8.153434495978412e-05,43.70852243396924
107.9303355987502,-2.8903294266545605,-0.35101224405961434,27.508095656500984,-3.2238932225439285,5.1127540187556273e-05,9.408275707187376e-05,40.72365194303033
108.02915028000336,-2.9891441079077077,-0.3319141971073438,27.494977166917693,-3.8918043282296932,4.916808620701557e-05,0.00010058457626844054,41.73440458462244
